-- phpMyAdmin SQL Dump
-- version 4.8.3
-- https://www.phpmyadmin.net/
--
-- Host: 127.0.0.1
-- Generation Time: Oct 27, 2018 at 05:26 PM
-- Server version: 10.1.30-MariaDB
-- PHP Version: 7.2.1

SET SQL_MODE = "NO_AUTO_VALUE_ON_ZERO";
SET AUTOCOMMIT = 0;
START TRANSACTION;
SET time_zone = "+00:00";


/*!40101 SET @OLD_CHARACTER_SET_CLIENT=@@CHARACTER_SET_CLIENT */;
/*!40101 SET @OLD_CHARACTER_SET_RESULTS=@@CHARACTER_SET_RESULTS */;
/*!40101 SET @OLD_COLLATION_CONNECTION=@@COLLATION_CONNECTION */;
/*!40101 SET NAMES utf8mb4 */;

--
-- Database: `wdl`
--

-- --------------------------------------------------------

--
-- Table structure for table `classes`
--

CREATE TABLE `classes` (
  `id` int(10) UNSIGNED NOT NULL,
  `department` varchar(191) COLLATE utf8mb4_unicode_ci NOT NULL,
  `year` varchar(191) COLLATE utf8mb4_unicode_ci NOT NULL,
  `strength` int(11) NOT NULL,
  `batch` varchar(191) COLLATE utf8mb4_unicode_ci NOT NULL,
  `created_at` timestamp NULL DEFAULT NULL,
  `updated_at` timestamp NULL DEFAULT NULL,
  `deleted_at` timestamp NULL DEFAULT NULL,
  `created_by` int(10) UNSIGNED NOT NULL,
  `updated_by` int(10) UNSIGNED DEFAULT NULL,
  `deleted_by` int(10) UNSIGNED DEFAULT NULL,
  `status` tinyint(4) NOT NULL DEFAULT '1'
) ENGINE=InnoDB DEFAULT CHARSET=utf8mb4 COLLATE=utf8mb4_unicode_ci;

--
-- Dumping data for table `classes`
--

INSERT INTO `classes` (`id`, `department`, `year`, `strength`, `batch`, `created_at`, `updated_at`, `deleted_at`, `created_by`, `updated_by`, `deleted_by`, `status`) VALUES
(1, 'EXTC-B', 'TE', 71, '2007', '2018-09-22 05:18:17', '2018-04-29 20:57:43', NULL, 35, 31, 34, 1),
(2, 'ETRX', 'SE', 66, '2005', '2018-01-19 04:32:51', '2018-06-27 06:48:15', NULL, 35, 30, 21, 1),
(3, 'COMPS', 'SE', 65, '1994', '2018-03-12 05:21:01', '2018-09-04 07:14:41', NULL, 33, 28, 29, 1),
(4, 'COMPS', 'TE', 70, '1983', '2018-06-24 11:25:05', '2018-03-25 12:14:15', NULL, 34, 21, 35, 1),
(5, 'EXTC-A', 'SE', 62, '2008', '2018-04-24 14:44:06', '2017-12-21 12:15:16', NULL, 24, 28, 32, 1),
(6, 'ETRX', 'BE', 75, '1973', '2018-07-03 22:47:29', '2018-10-09 18:49:47', NULL, 35, 22, 26, 1),
(7, 'EXTC-A', 'TE', 65, '2008', '2017-11-19 02:02:01', '2018-01-06 20:21:43', NULL, 33, 31, 34, 1),
(8, 'COMPS', 'BE', 62, '1975', '2018-06-26 00:14:14', '2017-12-01 07:29:43', NULL, 32, 31, 25, 1),
(9, 'EXTC-B', 'BE', 79, '2004', '2018-10-14 08:09:29', '2018-08-04 21:57:22', NULL, 32, 25, 29, 1),
(10, 'ETRX', 'TE', 60, '2001', '2018-05-06 16:13:33', '2018-07-25 14:39:20', NULL, 24, 34, 34, 1),
(11, 'IT', 'BE', 73, '1991', '2017-11-22 04:17:17', '2017-11-07 21:56:51', NULL, 32, 35, 30, 1),
(12, 'IT', 'SE', 76, '1973', '2017-11-08 21:12:33', '2018-09-23 19:20:55', NULL, 34, 31, 30, 1),
(13, 'IT', 'BE', 61, '2003', '2017-12-15 06:22:29', '2018-09-14 19:39:09', NULL, 24, 34, 23, 1),
(14, 'ETRX', 'TE', 65, '1994', '2018-05-26 12:57:34', '2017-12-30 17:02:42', NULL, 26, 35, 28, 1),
(15, 'COMPS', 'SE', 62, '2001', '2018-09-10 15:27:50', '2018-10-07 07:33:00', NULL, 27, 26, 32, 1),
(16, 'COMPS', 'FE', 100, '2018', NULL, NULL, NULL, 23, NULL, NULL, 1),
(17, 'EXTC-A', 'FE', 100, '2017', '2018-10-25 16:30:00', '2018-10-25 16:32:08', NULL, 23, 23, 23, 0);

-- --------------------------------------------------------

--
-- Table structure for table `leaves`
--

CREATE TABLE `leaves` (
  `id` int(10) UNSIGNED NOT NULL,
  `user_id` int(10) UNSIGNED NOT NULL,
  `date` date NOT NULL,
  `adjusted_with` int(10) UNSIGNED NOT NULL,
  `adjusted_on` date NOT NULL,
  `timeslot` time NOT NULL,
  `created_at` timestamp NULL DEFAULT NULL,
  `updated_at` timestamp NULL DEFAULT NULL,
  `deleted_at` timestamp NULL DEFAULT NULL,
  `created_by` int(10) UNSIGNED NOT NULL,
  `updated_by` int(10) UNSIGNED DEFAULT NULL,
  `deleted_by` int(10) UNSIGNED DEFAULT NULL,
  `status` tinyint(4) NOT NULL DEFAULT '1'
) ENGINE=InnoDB DEFAULT CHARSET=utf8mb4 COLLATE=utf8mb4_unicode_ci;

--
-- Dumping data for table `leaves`
--

INSERT INTO `leaves` (`id`, `user_id`, `date`, `adjusted_with`, `adjusted_on`, `timeslot`, `created_at`, `updated_at`, `deleted_at`, `created_by`, `updated_by`, `deleted_by`, `status`) VALUES
(1, 32, '2017-03-03', 29, '1975-12-19', '23:50:55', '2018-10-21 05:35:23', '2018-10-21 05:35:23', NULL, 35, 30, 22, 1),
(2, 33, '1986-05-12', 21, '2006-12-29', '21:39:05', '2018-10-21 05:35:23', '2018-10-21 05:35:23', NULL, 30, 21, 35, 1),
(3, 33, '1974-05-23', 35, '2002-03-01', '23:31:31', '2018-10-21 05:35:23', '2018-10-21 05:35:23', NULL, 21, 29, 23, 1),
(4, 24, '2008-09-21', 32, '1996-05-14', '09:31:44', '2018-10-21 05:35:23', '2018-10-21 05:35:23', NULL, 27, 22, 28, 1),
(5, 33, '2009-09-07', 28, '2018-10-08', '23:24:26', '2018-10-21 05:35:23', '2018-10-21 05:35:23', NULL, 21, 23, 26, 1),
(6, 35, '1988-07-28', 23, '1974-06-08', '04:04:51', '2018-10-21 05:35:23', '2018-10-21 05:35:23', NULL, 30, 24, 32, 1),
(7, 26, '1993-01-25', 25, '2015-05-31', '18:27:25', '2018-10-21 05:35:23', '2018-10-21 05:35:23', NULL, 30, 34, 27, 1),
(8, 23, '1987-02-08', 22, '1974-03-24', '01:28:52', '2018-10-21 05:35:23', '2018-10-25 17:11:40', NULL, 25, 34, 25, 0),
(9, 30, '1997-03-02', 22, '1988-04-15', '03:03:33', '2018-10-21 05:35:23', '2018-10-21 05:35:23', NULL, 29, 24, 33, 1),
(10, 27, '1975-06-19', 24, '1993-05-03', '02:33:32', '2018-10-21 05:35:23', '2018-10-21 05:35:23', NULL, 23, 33, 25, 1),
(11, 21, '1989-06-15', 23, '1984-06-26', '11:14:54', '2018-10-21 05:35:23', '2018-10-21 05:35:23', NULL, 25, 24, 24, 1),
(12, 30, '1982-07-13', 34, '2010-10-14', '15:55:25', '2018-10-21 05:35:23', '2018-10-21 05:35:23', NULL, 34, 29, 35, 1),
(13, 25, '2013-12-04', 22, '1974-02-11', '10:26:08', '2018-10-21 05:35:23', '2018-10-21 05:35:23', NULL, 24, 29, 31, 1),
(14, 28, '1984-03-15', 21, '1992-06-22', '17:09:28', '2018-10-21 05:35:23', '2018-10-21 05:35:23', NULL, 25, 23, 34, 1),
(15, 30, '1973-09-30', 26, '2010-02-10', '21:02:35', '2018-10-21 05:35:23', '2018-10-21 05:35:23', NULL, 23, 35, 29, 1),
(16, 22, '1993-10-20', 30, '1991-06-19', '16:36:05', '2018-10-21 05:35:23', '2018-10-23 20:45:15', NULL, 23, 22, 21, 0),
(17, 30, '1979-11-14', 22, '1996-09-07', '21:58:24', '2018-10-21 05:35:23', '2018-10-21 05:35:23', NULL, 35, 25, 21, 1),
(18, 21, '2008-11-17', 33, '2005-01-31', '20:41:07', '2018-10-21 05:35:23', '2018-10-21 05:35:23', NULL, 29, 26, 30, 1),
(19, 32, '1980-05-19', 35, '1974-02-11', '18:36:16', '2018-10-21 05:35:23', '2018-10-21 05:35:23', NULL, 26, 21, 28, 1),
(20, 24, '1993-12-01', 25, '2004-12-04', '18:53:30', '2018-10-21 05:35:23', '2018-10-21 05:35:23', NULL, 24, 28, 26, 1),
(21, 28, '1973-09-05', 23, '1971-07-11', '03:35:04', '2018-10-21 05:35:23', '2018-10-21 05:35:23', NULL, 31, 32, 21, 1),
(22, 34, '1981-09-24', 24, '2013-04-18', '13:58:59', '2018-10-21 05:35:23', '2018-10-21 05:35:23', NULL, 21, 23, 27, 1),
(23, 24, '1988-04-19', 22, '1990-09-05', '07:46:05', '2018-10-21 05:35:23', '2018-10-21 05:35:23', NULL, 34, 23, 32, 1),
(24, 26, '2002-11-21', 32, '1973-05-23', '04:18:43', '2018-10-21 05:35:23', '2018-10-21 05:35:23', NULL, 26, 34, 33, 1),
(25, 32, '1982-06-16', 34, '1973-01-15', '09:27:42', '2018-10-21 05:35:23', '2018-10-21 05:35:23', NULL, 25, 35, 21, 1),
(26, 24, '1989-06-24', 26, '2000-03-02', '09:18:11', '2018-10-21 05:35:23', '2018-10-21 05:35:23', NULL, 27, 30, 27, 1),
(27, 33, '1996-11-13', 21, '2006-09-01', '19:03:42', '2018-10-21 05:35:23', '2018-10-21 05:35:23', NULL, 27, 35, 35, 1),
(28, 26, '2003-11-19', 30, '1998-03-11', '14:45:45', '2018-10-21 05:35:23', '2018-10-21 05:35:23', NULL, 26, 35, 24, 1),
(29, 32, '2007-03-28', 26, '1970-09-15', '09:41:34', '2018-10-21 05:35:23', '2018-10-21 05:35:23', NULL, 32, 28, 29, 1),
(30, 22, '2018-10-16', 24, '2018-11-09', '14:40:00', '2018-10-21 05:35:23', '2018-10-25 17:12:04', NULL, 30, 24, 32, 0),
(31, 26, '1988-09-02', 24, '2008-05-14', '05:56:04', '2018-10-21 05:35:23', '2018-10-21 05:35:23', NULL, 25, 30, 21, 1),
(32, 23, '1986-05-26', 34, '2002-02-03', '09:52:58', '2018-10-21 05:35:23', '2018-10-21 05:35:23', NULL, 30, 30, 32, 1),
(33, 33, '1989-01-17', 23, '1996-12-12', '14:38:30', '2018-10-21 05:35:23', '2018-10-21 05:35:23', NULL, 29, 22, 34, 1),
(34, 30, '2003-03-08', 28, '1970-01-01', '04:51:16', '2018-10-21 05:35:24', '2018-10-21 05:35:24', NULL, 33, 21, 23, 1),
(35, 35, '1988-08-31', 23, '2018-10-19', '14:02:33', '2018-10-21 05:35:24', '2018-10-21 05:35:24', NULL, 25, 28, 26, 1),
(36, 25, '1999-12-29', 30, '1999-07-21', '18:47:10', '2018-10-21 05:35:24', '2018-10-21 05:35:24', NULL, 24, 31, 22, 1),
(37, 35, '1977-10-17', 25, '2011-05-17', '01:59:52', '2018-10-21 05:35:24', '2018-10-21 05:35:24', NULL, 34, 29, 29, 1),
(38, 32, '1972-06-26', 31, '1976-03-24', '21:00:20', '2018-10-21 05:35:24', '2018-10-21 05:35:24', NULL, 27, 34, 35, 1),
(39, 29, '1999-01-26', 35, '1998-07-07', '21:33:45', '2018-10-21 05:35:24', '2018-10-21 05:35:24', NULL, 25, 27, 30, 1),
(40, 23, '1993-01-23', 25, '1977-03-16', '03:42:13', '2018-10-21 05:35:24', '2018-10-21 05:35:24', NULL, 33, 33, 32, 1),
(41, 24, '1996-05-05', 31, '1991-04-16', '03:19:59', '2018-10-21 05:35:24', '2018-10-21 05:35:24', NULL, 26, 22, 32, 1),
(42, 30, '1981-09-19', 25, '1980-11-25', '01:20:03', '2018-10-21 05:35:24', '2018-10-21 05:35:24', NULL, 22, 31, 32, 1),
(43, 29, '2001-08-16', 33, '2013-05-14', '10:39:18', '2018-10-21 05:35:24', '2018-10-21 05:35:24', NULL, 30, 31, 35, 1),
(44, 30, '1985-05-29', 21, '2000-12-15', '13:54:49', '2018-10-21 05:35:24', '2018-10-21 05:35:24', NULL, 30, 23, 21, 1),
(45, 30, '1973-01-23', 27, '2007-04-28', '19:27:48', '2018-10-21 05:35:24', '2018-10-21 05:35:24', NULL, 28, 34, 25, 1),
(46, 21, '2007-11-02', 30, '1998-03-02', '01:24:29', '2018-10-21 05:35:24', '2018-10-21 05:35:24', NULL, 26, 25, 29, 0),
(47, 22, '2010-04-01', 26, '2011-04-04', '18:57:40', '2018-10-21 05:35:24', '2018-10-25 17:30:43', NULL, 29, 22, 22, 0),
(48, 34, '1993-08-19', 25, '2007-04-27', '15:53:49', '2018-10-21 05:35:24', '2018-10-21 05:35:24', NULL, 22, 28, 35, 1),
(49, 34, '1990-12-21', 26, '2007-11-23', '21:53:55', '2018-10-21 05:35:24', '2018-10-21 05:35:24', NULL, 27, 33, 29, 1),
(50, 34, '1974-05-09', 29, '2000-05-29', '14:23:37', '2018-10-21 05:35:24', '2018-10-21 05:35:24', NULL, 33, 23, 31, 1),
(51, 21, '2018-10-01', 24, '2018-10-02', '09:00:00', '2018-10-23 20:25:46', '2018-10-23 20:44:14', NULL, 21, NULL, NULL, 0),
(52, 21, '2018-10-02', 26, '2018-10-03', '09:00:00', '2018-10-23 20:26:47', '2018-10-23 20:26:47', NULL, 21, NULL, NULL, 1),
(53, 21, '2018-10-02', 26, '2018-10-03', '09:00:00', '2018-10-23 20:27:11', '2018-10-23 20:27:11', NULL, 21, NULL, NULL, 1),
(54, 21, '2018-10-03', 25, '2018-10-26', '07:12:00', '2018-10-23 20:42:34', '2018-10-23 20:44:10', NULL, 21, NULL, NULL, 0),
(55, 22, '2018-10-02', 33, '2018-10-31', '07:15:00', '2018-10-23 20:45:30', '2018-10-25 17:45:34', NULL, 22, 22, NULL, 1),
(56, 22, '2018-10-03', 24, '2018-10-25', '01:40:00', '2018-10-23 20:45:56', '2018-10-23 20:45:56', NULL, 22, NULL, NULL, 1),
(57, 22, '2018-10-11', 26, '2018-10-31', '13:39:00', '2018-10-23 20:46:17', '2018-10-23 20:46:17', NULL, 22, NULL, NULL, 1),
(58, 22, '2018-10-05', 25, '2018-10-24', '10:51:00', '2018-10-25 17:21:51', '2018-10-25 17:22:02', NULL, 22, NULL, NULL, 0),
(59, 22, '2018-10-04', 24, '2018-10-26', '20:52:00', '2018-10-25 17:22:46', '2018-10-25 17:22:46', NULL, 22, NULL, NULL, 1),
(60, 22, '2018-10-04', 26, '2018-10-19', '19:15:00', '2018-10-25 17:45:45', '2018-10-25 17:45:45', NULL, 22, NULL, NULL, 1);

-- --------------------------------------------------------

--
-- Table structure for table `lectures`
--

CREATE TABLE `lectures` (
  `id` int(10) UNSIGNED NOT NULL,
  `user_id` int(10) UNSIGNED NOT NULL,
  `subject_id` int(10) UNSIGNED NOT NULL,
  `type` int(11) NOT NULL,
  `isAdjusted` tinyint(4) NOT NULL,
  `timeslot` time DEFAULT NULL,
  `created_at` timestamp NULL DEFAULT NULL,
  `updated_at` timestamp NULL DEFAULT NULL,
  `deleted_at` timestamp NULL DEFAULT NULL,
  `created_by` int(10) UNSIGNED NOT NULL,
  `updated_by` int(10) UNSIGNED DEFAULT NULL,
  `deleted_by` int(10) UNSIGNED DEFAULT NULL,
  `status` tinyint(4) NOT NULL DEFAULT '1'
) ENGINE=InnoDB DEFAULT CHARSET=utf8mb4 COLLATE=utf8mb4_unicode_ci;

--
-- Dumping data for table `lectures`
--

INSERT INTO `lectures` (`id`, `user_id`, `subject_id`, `type`, `isAdjusted`, `timeslot`, `created_at`, `updated_at`, `deleted_at`, `created_by`, `updated_by`, `deleted_by`, `status`) VALUES
(1, 23, 22, 2, 1, '21:43:05', '2018-10-21 05:35:30', '2018-10-21 05:35:30', NULL, 24, 34, 25, 1),
(2, 21, 3, 4, 1, '04:42:58', '2018-10-21 05:35:30', '2018-10-21 05:35:30', NULL, 24, 31, 35, 1),
(3, 29, 9, 1, 1, '09:21:32', '2018-10-21 05:35:30', '2018-10-21 05:35:30', NULL, 21, 24, 24, 1),
(4, 22, 19, 2, 1, '13:38:02', '2018-10-21 05:35:30', '2018-10-21 05:35:30', NULL, 33, 32, 21, 1),
(5, 35, 23, 4, 0, NULL, '2018-10-21 05:35:30', '2018-10-21 05:35:30', NULL, 29, 28, 30, 1),
(6, 26, 17, 1, 1, '19:38:12', '2018-10-21 05:35:30', '2018-10-21 05:35:30', NULL, 23, 29, 34, 1),
(7, 31, 5, 4, 0, NULL, '2018-10-21 05:35:30', '2018-10-21 05:35:30', NULL, 25, 28, 34, 1),
(8, 33, 23, 4, 0, NULL, '2018-10-21 05:35:30', '2018-10-21 05:35:30', NULL, 23, 21, 35, 1),
(9, 24, 9, 1, 0, NULL, '2018-10-21 05:35:30', '2018-10-21 05:35:30', NULL, 21, 21, 23, 1),
(10, 24, 8, 3, 1, '23:33:03', '2018-10-21 05:35:30', '2018-10-21 05:35:30', NULL, 31, 33, 25, 1),
(11, 24, 1, 1, 1, '15:53:26', '2018-10-21 05:35:30', '2018-10-21 05:35:30', NULL, 30, 35, 31, 1),
(12, 23, 23, 1, 0, NULL, '2018-10-21 05:35:30', '2018-10-21 05:35:30', NULL, 29, 28, 33, 1),
(13, 21, 20, 1, 0, NULL, '2018-10-21 05:35:30', '2018-10-21 05:35:30', NULL, 29, 30, 21, 1),
(14, 33, 7, 4, 0, NULL, '2018-10-21 05:35:30', '2018-10-21 05:35:30', NULL, 22, 33, 31, 1),
(15, 25, 8, 1, 1, '22:16:44', '2018-10-21 05:35:30', '2018-10-21 05:35:30', NULL, 28, 33, 32, 1),
(16, 34, 7, 4, 0, NULL, '2018-10-21 05:35:30', '2018-10-21 05:35:30', NULL, 35, 23, 31, 1),
(17, 28, 20, 3, 0, NULL, '2018-10-21 05:35:30', '2018-10-21 05:35:30', NULL, 34, 28, 22, 1),
(18, 26, 19, 1, 0, NULL, '2018-10-21 05:35:30', '2018-10-21 05:35:30', NULL, 22, 22, 29, 1),
(19, 33, 19, 3, 1, '01:42:46', '2018-10-21 05:35:30', '2018-10-21 05:35:30', NULL, 22, 26, 24, 1),
(20, 29, 4, 1, 1, '07:14:08', '2018-10-21 05:35:30', '2018-10-21 05:35:30', NULL, 29, 31, 32, 1),
(21, 21, 24, 1, 1, '17:49:13', '2018-10-21 05:35:30', '2018-10-21 05:35:30', NULL, 23, 23, 26, 1),
(22, 25, 12, 3, 0, NULL, '2018-10-21 05:35:30', '2018-10-21 05:35:30', NULL, 28, 24, 30, 1),
(23, 22, 11, 3, 1, '00:16:22', '2018-10-21 05:35:30', '2018-10-21 05:35:30', NULL, 27, 21, 35, 1),
(24, 35, 5, 4, 0, NULL, '2018-10-21 05:35:30', '2018-10-21 05:35:30', NULL, 23, 30, 23, 1),
(25, 26, 16, 3, 0, NULL, '2018-10-21 05:35:30', '2018-10-21 05:35:30', NULL, 35, 30, 34, 1),
(26, 31, 5, 4, 1, '06:26:13', '2018-10-21 05:35:30', '2018-10-21 05:35:30', NULL, 35, 21, 25, 1),
(27, 30, 11, 3, 0, NULL, '2018-10-21 05:35:30', '2018-10-21 05:35:30', NULL, 35, 26, 21, 1),
(28, 31, 3, 1, 1, '01:04:16', '2018-10-21 05:35:30', '2018-10-21 05:35:30', NULL, 23, 34, 35, 1),
(29, 28, 2, 1, 1, '05:25:32', '2018-10-21 05:35:30', '2018-10-21 05:35:30', NULL, 23, 34, 25, 1),
(30, 29, 9, 1, 0, NULL, '2018-10-21 05:35:30', '2018-10-21 05:35:30', NULL, 26, 33, 35, 1),
(31, 25, 14, 1, 1, '05:46:44', '2018-10-21 05:35:30', '2018-10-21 05:35:30', NULL, 29, 34, 33, 1),
(32, 22, 4, 3, 1, '01:25:30', '2018-10-21 05:35:30', '2018-10-21 05:35:30', NULL, 22, 31, 35, 1),
(33, 33, 3, 3, 1, '01:33:33', '2018-10-21 05:35:30', '2018-10-21 05:35:30', NULL, 34, 27, 32, 1),
(34, 27, 20, 3, 0, NULL, '2018-10-21 05:35:30', '2018-10-21 05:35:30', NULL, 33, 22, 26, 1),
(35, 28, 13, 1, 0, NULL, '2018-10-21 05:35:30', '2018-10-21 05:35:30', NULL, 23, 33, 22, 1),
(36, 32, 13, 3, 0, NULL, '2018-10-21 05:35:30', '2018-10-21 05:35:30', NULL, 27, 22, 32, 1),
(37, 21, 5, 2, 1, '11:49:33', '2018-10-21 05:35:30', '2018-10-21 05:35:30', NULL, 33, 27, 33, 1),
(38, 24, 9, 2, 0, NULL, '2018-10-21 05:35:30', '2018-10-21 05:35:30', NULL, 23, 31, 27, 1),
(39, 28, 19, 2, 1, '09:17:11', '2018-10-21 05:35:30', '2018-10-21 05:35:30', NULL, 34, 25, 27, 1),
(40, 28, 23, 4, 1, '05:39:05', '2018-10-21 05:35:30', '2018-10-21 05:35:30', NULL, 29, 29, 26, 1),
(41, 22, 12, 3, 0, NULL, '2018-10-21 05:35:30', '2018-10-21 05:35:30', NULL, 30, 25, 32, 1),
(42, 30, 4, 2, 0, NULL, '2018-10-21 05:35:30', '2018-10-21 05:35:30', NULL, 24, 23, 32, 1),
(43, 22, 20, 2, 0, NULL, '2018-10-21 05:35:30', '2018-10-21 05:35:30', NULL, 32, 22, 23, 1),
(44, 31, 16, 3, 1, '00:36:15', '2018-10-21 05:35:30', '2018-10-21 05:35:30', NULL, 28, 29, 35, 1),
(45, 24, 10, 2, 1, '23:26:16', '2018-10-21 05:35:30', '2018-10-21 05:35:30', NULL, 28, 24, 34, 1),
(46, 29, 13, 1, 1, '09:34:43', '2018-10-21 05:35:30', '2018-10-21 05:35:30', NULL, 29, 34, 21, 1),
(47, 27, 22, 4, 0, NULL, '2018-10-21 05:35:30', '2018-10-21 05:35:30', NULL, 28, 30, 35, 1),
(48, 24, 12, 3, 0, NULL, '2018-10-21 05:35:30', '2018-10-21 05:35:30', NULL, 21, 35, 26, 1),
(49, 28, 20, 3, 1, '12:35:33', '2018-10-21 05:35:30', '2018-10-21 05:35:30', NULL, 35, 33, 32, 1),
(50, 35, 16, 1, 0, NULL, '2018-10-21 05:35:30', '2018-10-21 05:35:30', NULL, 34, 22, 33, 1),
(51, 26, 13, 2, 0, NULL, '2018-10-21 05:35:30', '2018-10-21 05:35:30', NULL, 26, 21, 30, 1),
(52, 21, 23, 4, 0, NULL, '2018-10-21 05:35:30', '2018-10-21 05:35:30', NULL, 31, 30, 26, 1),
(53, 30, 5, 1, 1, '17:38:34', '2018-10-21 05:35:30', '2018-10-21 05:35:30', NULL, 24, 34, 31, 1),
(54, 25, 4, 4, 0, NULL, '2018-10-21 05:35:30', '2018-10-21 05:35:30', NULL, 32, 29, 30, 1),
(55, 23, 6, 2, 1, '09:48:12', '2018-10-21 05:35:30', '2018-10-21 05:35:30', NULL, 31, 34, 24, 1),
(56, 23, 15, 1, 0, NULL, '2018-10-21 05:35:30', '2018-10-21 05:35:30', NULL, 24, 26, 25, 1),
(57, 26, 12, 4, 1, '03:39:06', '2018-10-21 05:35:30', '2018-10-21 05:35:30', NULL, 22, 28, 21, 1),
(58, 33, 22, 2, 1, '22:11:07', '2018-10-21 05:35:30', '2018-10-21 05:35:30', NULL, 31, 28, 30, 1),
(59, 35, 23, 1, 0, NULL, '2018-10-21 05:35:30', '2018-10-21 05:35:30', NULL, 32, 22, 29, 1),
(60, 32, 8, 4, 0, NULL, '2018-10-21 05:35:30', '2018-10-21 05:35:30', NULL, 23, 21, 28, 1),
(61, 31, 7, 3, 0, NULL, '2018-10-21 05:35:30', '2018-10-21 05:35:30', NULL, 30, 30, 32, 1),
(62, 31, 14, 2, 1, '01:22:04', '2018-10-21 05:35:30', '2018-10-21 05:35:30', NULL, 29, 22, 26, 1),
(63, 31, 12, 4, 0, NULL, '2018-10-21 05:35:30', '2018-10-21 05:35:30', NULL, 22, 31, 27, 1),
(64, 23, 11, 2, 1, '09:12:58', '2018-10-21 05:35:30', '2018-10-21 05:35:30', NULL, 24, 23, 21, 1),
(65, 22, 24, 2, 1, '12:15:00', '2018-10-21 05:35:30', '2018-10-21 05:35:30', NULL, 32, 31, 25, 1),
(66, 26, 5, 1, 0, NULL, '2018-10-21 05:35:30', '2018-10-21 05:35:30', NULL, 35, 32, 32, 1),
(67, 21, 23, 3, 1, '06:36:35', '2018-10-21 05:35:30', '2018-10-21 05:35:30', NULL, 28, 23, 22, 1),
(68, 31, 10, 1, 1, '05:09:44', '2018-10-21 05:35:30', '2018-10-21 05:35:30', NULL, 21, 31, 29, 1),
(69, 27, 2, 1, 1, '21:37:14', '2018-10-21 05:35:30', '2018-10-21 05:35:30', NULL, 25, 22, 22, 1),
(70, 22, 13, 1, 0, NULL, '2018-10-21 05:35:30', '2018-10-21 05:35:30', NULL, 30, 34, 26, 1),
(71, 31, 16, 2, 0, NULL, '2018-10-21 05:35:30', '2018-10-21 05:35:30', NULL, 22, 27, 35, 1),
(72, 23, 12, 3, 1, '09:52:11', '2018-10-21 05:35:30', '2018-10-21 05:35:30', NULL, 27, 31, 21, 1),
(73, 24, 1, 1, 1, '08:12:13', '2018-10-21 05:35:30', '2018-10-21 05:35:30', NULL, 34, 30, 26, 1),
(74, 25, 21, 4, 0, NULL, '2018-10-21 05:35:30', '2018-10-21 05:35:30', NULL, 22, 31, 23, 1),
(75, 35, 1, 3, 0, NULL, '2018-10-21 05:35:30', '2018-10-21 05:35:30', NULL, 23, 29, 30, 1),
(76, 33, 9, 3, 0, NULL, '2018-10-21 05:35:30', '2018-10-21 05:35:30', NULL, 25, 33, 27, 1),
(77, 30, 10, 4, 1, '05:06:23', '2018-10-21 05:35:30', '2018-10-21 05:35:30', NULL, 31, 35, 26, 1),
(78, 26, 19, 4, 1, '21:53:15', '2018-10-21 05:35:30', '2018-10-21 05:35:30', NULL, 25, 30, 29, 1),
(79, 22, 6, 2, 0, NULL, '2018-10-21 05:35:30', '2018-10-21 05:35:30', NULL, 30, 22, 28, 1),
(80, 25, 24, 3, 1, '15:37:33', '2018-10-21 05:35:30', '2018-10-21 05:35:30', NULL, 22, 29, 23, 1),
(81, 24, 3, 3, 0, NULL, '2018-10-21 05:35:30', '2018-10-21 05:35:30', NULL, 35, 32, 33, 1),
(82, 35, 25, 4, 1, '05:00:50', '2018-10-21 05:35:30', '2018-10-21 05:35:30', NULL, 28, 26, 29, 1),
(83, 22, 19, 1, 1, '16:02:30', '2018-10-21 05:35:30', '2018-10-21 05:35:30', NULL, 32, 22, 21, 1),
(84, 28, 25, 2, 0, NULL, '2018-10-21 05:35:30', '2018-10-21 05:35:30', NULL, 29, 22, 31, 1),
(85, 25, 14, 4, 1, '04:53:52', '2018-10-21 05:35:30', '2018-10-21 05:35:30', NULL, 29, 34, 21, 1),
(86, 35, 25, 3, 0, NULL, '2018-10-21 05:35:30', '2018-10-21 05:35:30', NULL, 28, 21, 34, 1),
(87, 31, 25, 4, 0, NULL, '2018-10-21 05:35:30', '2018-10-21 05:35:30', NULL, 33, 30, 35, 1),
(88, 25, 13, 2, 0, NULL, '2018-10-21 05:35:30', '2018-10-21 05:35:30', NULL, 35, 33, 34, 1),
(89, 34, 24, 1, 0, NULL, '2018-10-21 05:35:30', '2018-10-21 05:35:30', NULL, 24, 32, 33, 1),
(90, 35, 12, 3, 1, '07:05:37', '2018-10-21 05:35:30', '2018-10-21 05:35:30', NULL, 24, 21, 32, 1),
(91, 32, 22, 1, 0, NULL, '2018-10-21 05:35:30', '2018-10-21 05:35:30', NULL, 31, 30, 21, 1),
(92, 31, 23, 3, 1, '21:12:06', '2018-10-21 05:35:30', '2018-10-21 05:35:30', NULL, 34, 35, 25, 1),
(93, 34, 8, 2, 0, NULL, '2018-10-21 05:35:30', '2018-10-21 05:35:30', NULL, 31, 33, 34, 1),
(94, 30, 10, 2, 1, '13:17:39', '2018-10-21 05:35:30', '2018-10-21 05:35:30', NULL, 25, 32, 25, 1),
(95, 29, 19, 4, 0, NULL, '2018-10-21 05:35:30', '2018-10-21 05:35:30', NULL, 21, 35, 26, 1),
(96, 25, 10, 1, 0, NULL, '2018-10-21 05:35:30', '2018-10-21 05:35:30', NULL, 27, 25, 35, 1),
(97, 21, 21, 4, 1, '14:25:29', '2018-10-21 05:35:30', '2018-10-21 05:35:30', NULL, 35, 29, 23, 1),
(98, 33, 17, 1, 0, NULL, '2018-10-21 05:35:30', '2018-10-21 05:35:30', NULL, 22, 22, 21, 1),
(99, 28, 5, 2, 1, '21:59:41', '2018-10-21 05:35:30', '2018-10-21 05:35:30', NULL, 31, 30, 30, 1),
(100, 22, 2, 2, 0, NULL, '2018-10-21 05:35:30', '2018-10-21 05:35:30', NULL, 29, 25, 23, 1),
(101, 29, 5, 1, 0, NULL, '2018-10-21 05:35:30', '2018-10-21 05:35:30', NULL, 28, 33, 29, 1),
(102, 24, 11, 3, 1, '10:43:14', '2018-10-21 05:35:30', '2018-10-21 05:35:30', NULL, 22, 33, 29, 1),
(103, 33, 5, 2, 1, '03:54:50', '2018-10-21 05:35:30', '2018-10-21 05:35:30', NULL, 22, 25, 35, 1),
(104, 29, 4, 1, 1, '15:15:54', '2018-10-21 05:35:30', '2018-10-21 05:35:30', NULL, 23, 33, 33, 1),
(105, 32, 15, 3, 1, '10:22:03', '2018-10-21 05:35:30', '2018-10-21 05:35:30', NULL, 30, 30, 32, 1),
(106, 23, 5, 4, 1, '01:21:15', '2018-10-21 05:35:30', '2018-10-21 05:35:30', NULL, 35, 24, 24, 1),
(107, 30, 4, 4, 1, '16:39:23', '2018-10-21 05:35:30', '2018-10-21 05:35:30', NULL, 28, 22, 29, 1),
(108, 23, 19, 4, 1, '10:02:35', '2018-10-21 05:35:30', '2018-10-21 05:35:30', NULL, 21, 23, 27, 1),
(109, 27, 25, 1, 0, NULL, '2018-10-21 05:35:30', '2018-10-21 05:35:30', NULL, 28, 30, 32, 1),
(110, 25, 20, 2, 1, '17:29:02', '2018-10-21 05:35:30', '2018-10-21 05:35:30', NULL, 24, 28, 30, 1),
(111, 23, 12, 4, 0, NULL, '2018-10-21 05:35:30', '2018-10-21 05:35:30', NULL, 34, 32, 31, 1),
(112, 25, 21, 1, 0, NULL, '2018-10-21 05:35:30', '2018-10-21 05:35:30', NULL, 23, 34, 33, 1),
(113, 24, 21, 4, 0, NULL, '2018-10-21 05:35:30', '2018-10-21 05:35:30', NULL, 30, 24, 21, 1),
(114, 32, 12, 4, 1, '14:19:34', '2018-10-21 05:35:30', '2018-10-21 05:35:30', NULL, 28, 26, 27, 1),
(115, 35, 3, 4, 1, '00:57:52', '2018-10-21 05:35:30', '2018-10-21 05:35:30', NULL, 30, 31, 25, 1),
(116, 22, 18, 2, 1, '02:38:33', '2018-10-21 05:35:30', '2018-10-21 05:35:30', NULL, 25, 35, 31, 1),
(117, 29, 15, 3, 1, '20:46:58', '2018-10-21 05:35:30', '2018-10-21 05:35:30', NULL, 28, 22, 35, 1),
(118, 32, 9, 1, 0, NULL, '2018-10-21 05:35:30', '2018-10-21 05:35:30', NULL, 29, 30, 35, 1),
(119, 29, 14, 2, 0, NULL, '2018-10-21 05:35:30', '2018-10-21 05:35:30', NULL, 35, 26, 32, 1),
(120, 33, 3, 4, 1, '16:20:10', '2018-10-21 05:35:31', '2018-10-21 05:35:31', NULL, 32, 25, 22, 1),
(121, 24, 7, 3, 1, '15:34:12', '2018-10-21 05:35:31', '2018-10-21 05:35:31', NULL, 22, 21, 29, 1),
(122, 21, 15, 2, 1, '23:36:48', '2018-10-21 05:35:31', '2018-10-21 05:35:31', NULL, 29, 22, 33, 1),
(123, 28, 13, 4, 0, NULL, '2018-10-21 05:35:31', '2018-10-21 05:35:31', NULL, 28, 35, 27, 1),
(124, 29, 18, 1, 1, '04:37:58', '2018-10-21 05:35:31', '2018-10-21 05:35:31', NULL, 26, 21, 23, 1),
(125, 21, 21, 1, 1, '13:34:20', '2018-10-21 05:35:31', '2018-10-21 05:35:31', NULL, 31, 25, 32, 1),
(126, 22, 19, 4, 0, NULL, '2018-10-21 05:35:31', '2018-10-21 05:35:31', NULL, 31, 29, 23, 1),
(127, 22, 10, 4, 1, '01:58:59', '2018-10-21 05:35:31', '2018-10-21 05:35:31', NULL, 30, 24, 30, 1),
(128, 24, 5, 1, 0, NULL, '2018-10-21 05:35:31', '2018-10-21 05:35:31', NULL, 34, 27, 33, 1),
(129, 22, 14, 4, 0, NULL, '2018-10-21 05:35:31', '2018-10-21 05:35:31', NULL, 21, 29, 35, 1),
(130, 35, 22, 4, 1, '09:49:14', '2018-10-21 05:35:31', '2018-10-21 05:35:31', NULL, 26, 23, 22, 1),
(131, 27, 9, 3, 0, NULL, '2018-10-21 05:35:31', '2018-10-21 05:35:31', NULL, 33, 30, 33, 1),
(132, 29, 3, 1, 1, '11:16:31', '2018-10-21 05:35:31', '2018-10-21 05:35:31', NULL, 32, 22, 24, 1),
(133, 22, 17, 2, 1, '01:34:09', '2018-10-21 05:35:31', '2018-10-21 05:35:31', NULL, 34, 31, 30, 1),
(134, 22, 21, 1, 1, '13:28:39', '2018-10-21 05:35:31', '2018-10-21 05:35:31', NULL, 29, 27, 30, 1),
(135, 27, 11, 2, 0, NULL, '2018-10-21 05:35:31', '2018-10-21 05:35:31', NULL, 29, 26, 35, 1),
(136, 33, 21, 2, 1, '22:40:18', '2018-10-21 05:35:31', '2018-10-21 05:35:31', NULL, 34, 32, 34, 1),
(137, 27, 9, 4, 0, NULL, '2018-10-21 05:35:31', '2018-10-21 05:35:31', NULL, 28, 24, 31, 1),
(138, 30, 22, 2, 0, NULL, '2018-10-21 05:35:31', '2018-10-21 05:35:31', NULL, 22, 31, 30, 1),
(139, 21, 7, 1, 1, '03:15:02', '2018-10-21 05:35:31', '2018-10-21 05:35:31', NULL, 21, 22, 24, 1),
(140, 28, 2, 4, 0, NULL, '2018-10-21 05:35:31', '2018-10-21 05:35:31', NULL, 24, 34, 27, 1),
(141, 26, 20, 2, 0, NULL, '2018-10-21 05:35:31', '2018-10-21 05:35:31', NULL, 21, 33, 24, 1),
(142, 21, 20, 3, 0, NULL, '2018-10-21 05:35:31', '2018-10-21 05:35:31', NULL, 34, 25, 32, 1),
(143, 25, 17, 4, 1, '04:16:27', '2018-10-21 05:35:31', '2018-10-21 05:35:31', NULL, 28, 33, 30, 1),
(144, 29, 3, 2, 0, NULL, '2018-10-21 05:35:31', '2018-10-21 05:35:31', NULL, 35, 28, 22, 1),
(145, 32, 24, 1, 1, '23:04:48', '2018-10-21 05:35:31', '2018-10-21 05:35:31', NULL, 24, 31, 34, 1),
(146, 30, 21, 4, 0, NULL, '2018-10-21 05:35:31', '2018-10-21 05:35:31', NULL, 31, 27, 27, 1),
(147, 33, 6, 1, 0, NULL, '2018-10-21 05:35:31', '2018-10-21 05:35:31', NULL, 21, 34, 27, 1),
(148, 24, 2, 3, 0, NULL, '2018-10-21 05:35:31', '2018-10-21 05:35:31', NULL, 31, 25, 35, 1),
(149, 32, 13, 1, 1, '08:56:24', '2018-10-21 05:35:31', '2018-10-21 05:35:31', NULL, 24, 34, 33, 1),
(150, 34, 25, 4, 0, NULL, '2018-10-21 05:35:31', '2018-10-21 05:35:31', NULL, 31, 27, 22, 1),
(151, 22, 3, 2, 0, NULL, '2018-10-21 05:35:31', '2018-10-21 05:35:31', NULL, 26, 35, 30, 1),
(152, 34, 7, 2, 0, NULL, '2018-10-21 05:35:31', '2018-10-21 05:35:31', NULL, 21, 28, 25, 1),
(153, 24, 15, 3, 0, NULL, '2018-10-21 05:35:31', '2018-10-21 05:35:31', NULL, 24, 21, 33, 1),
(154, 28, 21, 2, 1, '09:44:27', '2018-10-21 05:35:31', '2018-10-21 05:35:31', NULL, 26, 26, 30, 1),
(155, 24, 19, 4, 0, NULL, '2018-10-21 05:35:31', '2018-10-21 05:35:31', NULL, 33, 34, 24, 1),
(156, 29, 11, 2, 1, '20:53:06', '2018-10-21 05:35:31', '2018-10-21 05:35:31', NULL, 24, 31, 28, 1),
(157, 35, 14, 4, 0, NULL, '2018-10-21 05:35:31', '2018-10-21 05:35:31', NULL, 26, 23, 25, 1),
(158, 28, 23, 3, 0, NULL, '2018-10-21 05:35:31', '2018-10-21 05:35:31', NULL, 23, 24, 30, 1),
(159, 35, 15, 2, 0, NULL, '2018-10-21 05:35:31', '2018-10-21 05:35:31', NULL, 33, 25, 31, 1),
(160, 29, 14, 1, 0, NULL, '2018-10-21 05:35:31', '2018-10-21 05:35:31', NULL, 23, 33, 30, 1),
(161, 35, 19, 3, 0, NULL, '2018-10-21 05:35:31', '2018-10-21 05:35:31', NULL, 21, 23, 29, 1),
(162, 23, 13, 1, 0, NULL, '2018-10-21 05:35:31', '2018-10-21 05:35:31', NULL, 34, 30, 26, 1),
(163, 22, 13, 3, 0, NULL, '2018-10-21 05:35:31', '2018-10-21 05:35:31', NULL, 33, 28, 35, 1),
(164, 25, 18, 1, 1, '21:07:12', '2018-10-21 05:35:31', '2018-10-21 05:35:31', NULL, 30, 35, 35, 1),
(165, 31, 24, 3, 1, '14:28:45', '2018-10-21 05:35:31', '2018-10-21 05:35:31', NULL, 24, 22, 35, 1),
(166, 31, 21, 2, 1, '21:59:19', '2018-10-21 05:35:31', '2018-10-21 05:35:31', NULL, 25, 29, 30, 1),
(167, 29, 16, 3, 1, '08:55:59', '2018-10-21 05:35:31', '2018-10-21 05:35:31', NULL, 21, 32, 25, 1),
(168, 24, 23, 3, 0, NULL, '2018-10-21 05:35:31', '2018-10-21 05:35:31', NULL, 22, 25, 21, 1),
(169, 26, 6, 4, 1, '05:11:14', '2018-10-21 05:35:31', '2018-10-21 05:35:31', NULL, 26, 29, 34, 1),
(170, 26, 18, 1, 0, NULL, '2018-10-21 05:35:31', '2018-10-21 05:35:31', NULL, 26, 32, 30, 1),
(171, 33, 1, 4, 0, NULL, '2018-10-21 05:35:31', '2018-10-21 05:35:31', NULL, 23, 33, 22, 1),
(172, 28, 5, 4, 1, '17:44:41', '2018-10-21 05:35:31', '2018-10-21 05:35:31', NULL, 27, 22, 23, 1),
(173, 25, 17, 2, 0, NULL, '2018-10-21 05:35:31', '2018-10-21 05:35:31', NULL, 23, 34, 24, 1),
(174, 30, 23, 2, 0, NULL, '2018-10-21 05:35:31', '2018-10-21 05:35:31', NULL, 34, 26, 30, 1),
(175, 21, 3, 4, 1, '04:24:21', '2018-10-21 05:35:31', '2018-10-21 05:35:31', NULL, 31, 25, 24, 1),
(176, 32, 9, 2, 0, NULL, '2018-10-21 05:35:31', '2018-10-21 05:35:31', NULL, 21, 29, 34, 1),
(177, 30, 9, 4, 0, NULL, '2018-10-21 05:35:31', '2018-10-21 05:35:31', NULL, 24, 29, 33, 1),
(178, 22, 20, 1, 0, NULL, '2018-10-21 05:35:31', '2018-10-21 05:35:31', NULL, 26, 26, 33, 1),
(179, 23, 8, 4, 0, NULL, '2018-10-21 05:35:31', '2018-10-21 05:35:31', NULL, 34, 34, 35, 1),
(180, 33, 17, 3, 0, NULL, '2018-10-21 05:35:31', '2018-10-21 05:35:31', NULL, 21, 30, 34, 1),
(181, 35, 19, 3, 1, '19:09:30', '2018-10-21 05:35:31', '2018-10-21 05:35:31', NULL, 26, 28, 24, 1),
(182, 28, 5, 2, 0, NULL, '2018-10-21 05:35:31', '2018-10-21 05:35:31', NULL, 22, 35, 34, 1),
(183, 30, 17, 4, 0, NULL, '2018-10-21 05:35:31', '2018-10-21 05:35:31', NULL, 21, 22, 23, 1),
(184, 34, 23, 4, 1, '13:15:55', '2018-10-21 05:35:31', '2018-10-21 05:35:31', NULL, 31, 30, 29, 1),
(185, 32, 3, 1, 0, NULL, '2018-10-21 05:35:31', '2018-10-21 05:35:31', NULL, 28, 33, 26, 1),
(186, 32, 3, 1, 1, '15:00:35', '2018-10-21 05:35:31', '2018-10-21 05:35:31', NULL, 23, 25, 29, 1),
(187, 27, 3, 4, 0, NULL, '2018-10-21 05:35:31', '2018-10-21 05:35:31', NULL, 29, 23, 25, 1),
(188, 34, 3, 1, 1, '16:37:57', '2018-10-21 05:35:31', '2018-10-21 05:35:31', NULL, 33, 26, 33, 1),
(189, 35, 10, 1, 1, '14:38:52', '2018-10-21 05:35:31', '2018-10-21 05:35:31', NULL, 35, 28, 25, 1),
(190, 22, 10, 4, 1, '01:08:21', '2018-10-21 05:35:31', '2018-10-21 05:35:31', NULL, 29, 25, 31, 1),
(191, 33, 8, 4, 1, '23:05:52', '2018-10-21 05:35:31', '2018-10-21 05:35:31', NULL, 29, 34, 33, 1),
(192, 24, 2, 4, 0, NULL, '2018-10-21 05:35:31', '2018-10-21 05:35:31', NULL, 35, 33, 28, 1),
(193, 26, 16, 2, 1, '22:16:42', '2018-10-21 05:35:31', '2018-10-21 05:35:31', NULL, 26, 35, 29, 1),
(194, 26, 9, 3, 1, '02:12:55', '2018-10-21 05:35:31', '2018-10-21 05:35:31', NULL, 33, 22, 32, 1),
(195, 21, 8, 1, 1, '00:17:11', '2018-10-21 05:35:31', '2018-10-21 05:35:31', NULL, 28, 32, 26, 1),
(196, 31, 12, 3, 1, '00:53:08', '2018-10-21 05:35:31', '2018-10-21 05:35:31', NULL, 33, 26, 30, 1),
(197, 31, 13, 3, 0, NULL, '2018-10-21 05:35:31', '2018-10-21 05:35:31', NULL, 25, 22, 35, 1),
(198, 25, 1, 4, 1, '02:19:56', '2018-10-21 05:35:31', '2018-10-21 05:35:31', NULL, 24, 28, 35, 1),
(199, 25, 17, 1, 0, NULL, '2018-10-21 05:35:31', '2018-10-21 05:35:31', NULL, 24, 25, 28, 1),
(200, 32, 3, 4, 1, '02:59:14', '2018-10-21 05:35:31', '2018-10-21 05:35:31', NULL, 30, 26, 29, 1),
(201, 26, 17, 1, 1, '02:44:50', '2018-10-21 05:35:31', '2018-10-21 05:35:31', NULL, 25, 25, 33, 1),
(202, 31, 18, 1, 1, '03:32:40', '2018-10-21 05:35:31', '2018-10-21 05:35:31', NULL, 22, 21, 23, 1),
(203, 26, 13, 2, 0, NULL, '2018-10-21 05:35:31', '2018-10-21 05:35:31', NULL, 27, 27, 26, 1),
(204, 23, 13, 2, 0, NULL, '2018-10-21 05:35:31', '2018-10-21 05:35:31', NULL, 32, 26, 33, 1),
(205, 32, 2, 4, 0, NULL, '2018-10-21 05:35:31', '2018-10-21 05:35:31', NULL, 28, 35, 26, 1),
(206, 24, 11, 3, 1, '20:08:45', '2018-10-21 05:35:31', '2018-10-21 05:35:31', NULL, 31, 29, 28, 1),
(207, 27, 2, 2, 1, '07:24:00', '2018-10-21 05:35:31', '2018-10-21 05:35:31', NULL, 28, 24, 32, 1),
(208, 31, 1, 3, 1, '14:51:29', '2018-10-21 05:35:31', '2018-10-21 05:35:31', NULL, 23, 26, 31, 1),
(209, 28, 7, 2, 1, '02:01:35', '2018-10-21 05:35:31', '2018-10-21 05:35:31', NULL, 34, 23, 24, 1),
(210, 28, 24, 2, 1, '22:46:40', '2018-10-21 05:35:31', '2018-10-21 05:35:31', NULL, 27, 26, 29, 1),
(211, 35, 4, 1, 0, NULL, '2018-10-21 05:35:31', '2018-10-21 05:35:31', NULL, 21, 21, 26, 1),
(212, 21, 1, 1, 0, NULL, '2018-10-21 05:35:31', '2018-10-21 05:35:31', NULL, 23, 35, 32, 1),
(213, 28, 9, 2, 0, NULL, '2018-10-21 05:35:31', '2018-10-21 05:35:31', NULL, 30, 33, 32, 1),
(214, 30, 11, 3, 1, '17:40:44', '2018-10-21 05:35:31', '2018-10-21 05:35:31', NULL, 22, 28, 34, 1),
(215, 35, 24, 2, 0, NULL, '2018-10-21 05:35:31', '2018-10-21 05:35:31', NULL, 27, 33, 25, 1),
(216, 34, 14, 4, 0, NULL, '2018-10-21 05:35:31', '2018-10-21 05:35:31', NULL, 25, 23, 27, 1),
(217, 30, 21, 2, 0, NULL, '2018-10-21 05:35:31', '2018-10-21 05:35:31', NULL, 33, 29, 21, 1),
(218, 31, 15, 3, 1, '04:03:23', '2018-10-21 05:35:31', '2018-10-21 05:35:31', NULL, 31, 23, 22, 1),
(219, 28, 19, 1, 1, '05:09:10', '2018-10-21 05:35:31', '2018-10-21 05:35:31', NULL, 23, 21, 25, 1),
(220, 31, 3, 4, 1, '11:05:12', '2018-10-21 05:35:31', '2018-10-21 05:35:31', NULL, 35, 29, 33, 1),
(221, 27, 23, 3, 1, '12:08:09', '2018-10-21 05:35:31', '2018-10-21 05:35:31', NULL, 30, 28, 26, 1),
(222, 29, 2, 3, 1, '05:46:11', '2018-10-21 05:35:31', '2018-10-21 05:35:31', NULL, 25, 21, 23, 1),
(223, 25, 15, 2, 1, '01:40:42', '2018-10-21 05:35:31', '2018-10-21 05:35:31', NULL, 34, 30, 25, 1),
(224, 31, 20, 3, 0, NULL, '2018-10-21 05:35:31', '2018-10-21 05:35:31', NULL, 24, 26, 30, 1),
(225, 24, 15, 3, 1, '06:17:07', '2018-10-21 05:35:31', '2018-10-21 05:35:31', NULL, 31, 34, 35, 1),
(226, 26, 11, 3, 1, '19:32:34', '2018-10-21 05:35:31', '2018-10-21 05:35:31', NULL, 25, 28, 29, 1),
(227, 24, 8, 3, 1, '17:53:46', '2018-10-21 05:35:31', '2018-10-21 05:35:31', NULL, 22, 29, 28, 1),
(228, 33, 7, 2, 0, NULL, '2018-10-21 05:35:31', '2018-10-21 05:35:31', NULL, 21, 26, 25, 1),
(229, 25, 14, 2, 0, NULL, '2018-10-21 05:35:31', '2018-10-21 05:35:31', NULL, 23, 33, 35, 1),
(230, 27, 2, 1, 0, NULL, '2018-10-21 05:35:31', '2018-10-21 05:35:31', NULL, 29, 30, 25, 1),
(231, 31, 15, 2, 0, NULL, '2018-10-21 05:35:31', '2018-10-21 05:35:31', NULL, 30, 21, 35, 1),
(232, 23, 11, 2, 1, '06:34:29', '2018-10-21 05:35:31', '2018-10-21 05:35:31', NULL, 24, 24, 34, 1),
(233, 26, 23, 1, 1, '22:49:57', '2018-10-21 05:35:31', '2018-10-21 05:35:31', NULL, 28, 32, 28, 1),
(234, 33, 1, 1, 0, NULL, '2018-10-21 05:35:31', '2018-10-21 05:35:31', NULL, 31, 31, 21, 1),
(235, 34, 6, 2, 0, NULL, '2018-10-21 05:35:31', '2018-10-21 05:35:31', NULL, 22, 34, 28, 1),
(236, 24, 14, 4, 1, '11:00:02', '2018-10-21 05:35:31', '2018-10-21 05:35:31', NULL, 32, 29, 35, 1),
(237, 29, 11, 2, 1, '03:00:55', '2018-10-21 05:35:31', '2018-10-21 05:35:31', NULL, 22, 35, 35, 1),
(238, 35, 4, 2, 1, '21:58:46', '2018-10-21 05:35:31', '2018-10-21 05:35:31', NULL, 27, 29, 24, 1),
(239, 35, 16, 3, 1, '02:44:08', '2018-10-21 05:35:31', '2018-10-21 05:35:31', NULL, 31, 21, 28, 1),
(240, 27, 7, 4, 0, NULL, '2018-10-21 05:35:31', '2018-10-21 05:35:31', NULL, 21, 35, 35, 1),
(241, 24, 23, 4, 1, '10:02:02', '2018-10-21 05:35:31', '2018-10-21 05:35:31', NULL, 30, 25, 25, 1),
(242, 21, 12, 2, 1, '03:24:39', '2018-10-21 05:35:31', '2018-10-21 05:35:31', NULL, 33, 33, 34, 1),
(243, 25, 21, 4, 1, '20:18:02', '2018-10-21 05:35:31', '2018-10-21 05:35:31', NULL, 26, 25, 35, 1),
(244, 22, 3, 3, 1, '23:03:47', '2018-10-21 05:35:31', '2018-10-21 05:35:31', NULL, 22, 29, 21, 1),
(245, 29, 5, 4, 0, NULL, '2018-10-21 05:35:31', '2018-10-21 05:35:31', NULL, 21, 27, 26, 1),
(246, 27, 12, 1, 1, '17:15:10', '2018-10-21 05:35:31', '2018-10-21 05:35:31', NULL, 21, 30, 35, 1),
(247, 31, 1, 3, 0, NULL, '2018-10-21 05:35:31', '2018-10-21 05:35:31', NULL, 22, 35, 28, 1),
(248, 33, 25, 4, 0, NULL, '2018-10-21 05:35:31', '2018-10-21 05:35:31', NULL, 30, 23, 32, 1),
(249, 33, 9, 4, 0, NULL, '2018-10-21 05:35:31', '2018-10-21 05:35:31', NULL, 21, 24, 25, 1),
(250, 34, 18, 2, 0, NULL, '2018-10-21 05:35:31', '2018-10-21 05:35:31', NULL, 30, 33, 25, 1),
(251, 29, 3, 4, 1, '21:54:01', '2018-10-21 05:35:31', '2018-10-21 05:35:31', NULL, 34, 30, 32, 1),
(252, 23, 4, 2, 0, NULL, '2018-10-21 05:35:31', '2018-10-21 05:35:31', NULL, 25, 25, 35, 1),
(253, 30, 22, 1, 0, NULL, '2018-10-21 05:35:31', '2018-10-21 05:35:31', NULL, 26, 23, 31, 1),
(254, 30, 7, 2, 1, '05:19:29', '2018-10-21 05:35:31', '2018-10-21 05:35:31', NULL, 22, 27, 29, 1),
(255, 25, 11, 2, 1, '06:53:53', '2018-10-21 05:35:31', '2018-10-21 05:35:31', NULL, 21, 32, 25, 1),
(256, 32, 19, 2, 1, '07:34:03', '2018-10-21 05:35:31', '2018-10-21 05:35:31', NULL, 26, 31, 29, 1),
(257, 30, 18, 2, 1, '18:41:58', '2018-10-21 05:35:31', '2018-10-21 05:35:31', NULL, 26, 35, 26, 1),
(258, 23, 2, 2, 1, '00:04:29', '2018-10-21 05:35:31', '2018-10-21 05:35:31', NULL, 27, 24, 31, 1),
(259, 28, 13, 3, 0, NULL, '2018-10-21 05:35:31', '2018-10-21 05:35:31', NULL, 32, 22, 28, 1),
(260, 21, 22, 1, 1, '01:13:05', '2018-10-21 05:35:31', '2018-10-21 05:35:31', NULL, 23, 30, 28, 1),
(261, 29, 18, 1, 1, '06:23:15', '2018-10-21 05:35:31', '2018-10-21 05:35:31', NULL, 31, 22, 31, 1),
(262, 25, 22, 4, 0, NULL, '2018-10-21 05:35:31', '2018-10-21 05:35:31', NULL, 28, 30, 24, 1),
(263, 24, 21, 3, 0, NULL, '2018-10-21 05:35:31', '2018-10-21 05:35:31', NULL, 23, 34, 23, 1),
(264, 33, 11, 1, 0, NULL, '2018-10-21 05:35:31', '2018-10-21 05:35:31', NULL, 21, 35, 33, 1),
(265, 25, 11, 4, 0, NULL, '2018-10-21 05:35:31', '2018-10-21 05:35:31', NULL, 22, 34, 29, 1),
(266, 33, 1, 2, 0, NULL, '2018-10-21 05:35:31', '2018-10-21 05:35:31', NULL, 23, 21, 24, 1),
(267, 24, 20, 2, 0, NULL, '2018-10-21 05:35:31', '2018-10-21 05:35:31', NULL, 31, 23, 29, 1),
(268, 26, 22, 2, 1, '19:18:07', '2018-10-21 05:35:31', '2018-10-21 05:35:31', NULL, 29, 33, 28, 1),
(269, 25, 3, 4, 1, '03:38:11', '2018-10-21 05:35:31', '2018-10-21 05:35:31', NULL, 31, 35, 27, 1),
(270, 27, 21, 2, 0, NULL, '2018-10-21 05:35:31', '2018-10-21 05:35:31', NULL, 25, 23, 21, 1),
(271, 33, 24, 4, 1, '11:16:02', '2018-10-21 05:35:31', '2018-10-21 05:35:31', NULL, 29, 23, 33, 1),
(272, 31, 14, 2, 1, '08:37:10', '2018-10-21 05:35:31', '2018-10-21 05:35:31', NULL, 33, 22, 35, 1),
(273, 25, 15, 3, 1, '08:18:01', '2018-10-21 05:35:32', '2018-10-21 05:35:32', NULL, 32, 25, 27, 1),
(274, 24, 21, 1, 1, '20:41:25', '2018-10-21 05:35:32', '2018-10-21 05:35:32', NULL, 30, 32, 35, 1),
(275, 31, 9, 1, 0, NULL, '2018-10-21 05:35:32', '2018-10-21 05:35:32', NULL, 23, 32, 21, 1),
(276, 35, 20, 4, 1, '21:59:16', '2018-10-21 05:35:32', '2018-10-21 05:35:32', NULL, 27, 21, 22, 1),
(277, 26, 9, 2, 0, NULL, '2018-10-21 05:35:32', '2018-10-21 05:35:32', NULL, 35, 34, 29, 1),
(278, 32, 17, 1, 1, '23:54:52', '2018-10-21 05:35:32', '2018-10-21 05:35:32', NULL, 21, 21, 28, 1),
(279, 22, 23, 1, 0, NULL, '2018-10-21 05:35:32', '2018-10-21 05:35:32', NULL, 33, 25, 35, 1),
(280, 25, 5, 4, 0, NULL, '2018-10-21 05:35:32', '2018-10-21 05:35:32', NULL, 31, 21, 22, 1),
(281, 34, 1, 3, 1, '16:07:49', '2018-10-21 05:35:32', '2018-10-21 05:35:32', NULL, 31, 21, 27, 1),
(282, 29, 5, 2, 0, NULL, '2018-10-21 05:35:32', '2018-10-21 05:35:32', NULL, 28, 27, 35, 1),
(283, 34, 20, 2, 1, '09:24:58', '2018-10-21 05:35:32', '2018-10-21 05:35:32', NULL, 25, 22, 21, 1),
(284, 26, 24, 3, 1, '15:01:15', '2018-10-21 05:35:32', '2018-10-21 05:35:32', NULL, 33, 34, 30, 1),
(285, 33, 20, 3, 1, '23:35:56', '2018-10-21 05:35:32', '2018-10-21 05:35:32', NULL, 21, 32, 26, 1),
(286, 22, 4, 4, 1, '15:01:48', '2018-10-21 05:35:32', '2018-10-21 05:35:32', NULL, 21, 26, 30, 1),
(287, 34, 5, 2, 1, '22:08:49', '2018-10-21 05:35:32', '2018-10-21 05:35:32', NULL, 34, 30, 31, 1),
(288, 24, 6, 1, 1, '21:38:35', '2018-10-21 05:35:32', '2018-10-21 05:35:32', NULL, 22, 32, 35, 1),
(289, 29, 5, 2, 1, '15:51:31', '2018-10-21 05:35:32', '2018-10-21 05:35:32', NULL, 26, 27, 26, 1),
(290, 34, 6, 3, 1, '00:13:17', '2018-10-21 05:35:32', '2018-10-21 05:35:32', NULL, 30, 25, 32, 1),
(291, 30, 23, 3, 1, '02:30:19', '2018-10-21 05:35:32', '2018-10-21 05:35:32', NULL, 22, 21, 23, 1),
(292, 35, 5, 4, 1, '16:33:24', '2018-10-21 05:35:32', '2018-10-21 05:35:32', NULL, 26, 33, 25, 1),
(293, 26, 19, 4, 0, NULL, '2018-10-21 05:35:32', '2018-10-21 05:35:32', NULL, 33, 21, 27, 1),
(294, 24, 11, 3, 0, NULL, '2018-10-21 05:35:32', '2018-10-21 05:35:32', NULL, 24, 31, 25, 1),
(295, 35, 3, 3, 0, NULL, '2018-10-21 05:35:32', '2018-10-21 05:35:32', NULL, 27, 26, 27, 1),
(296, 28, 22, 4, 1, '14:41:16', '2018-10-21 05:35:32', '2018-10-21 05:35:32', NULL, 22, 32, 26, 1),
(297, 27, 24, 3, 1, '15:05:36', '2018-10-21 05:35:32', '2018-10-21 05:35:32', NULL, 30, 27, 32, 1),
(298, 35, 11, 2, 1, '08:52:29', '2018-10-21 05:35:32', '2018-10-21 05:35:32', NULL, 29, 25, 28, 1),
(299, 33, 6, 1, 0, NULL, '2018-10-21 05:35:32', '2018-10-21 05:35:32', NULL, 32, 27, 34, 1),
(300, 27, 23, 3, 1, '04:24:47', '2018-10-21 05:35:32', '2018-10-21 05:35:32', NULL, 25, 31, 30, 1),
(301, 25, 12, 3, 0, NULL, '2018-10-21 05:35:32', '2018-10-21 05:35:32', NULL, 29, 22, 34, 1),
(302, 30, 18, 4, 1, '19:45:57', '2018-10-21 05:35:32', '2018-10-21 05:35:32', NULL, 32, 27, 25, 1),
(303, 21, 21, 1, 0, NULL, '2018-10-21 05:35:32', '2018-10-21 05:35:32', NULL, 27, 26, 26, 1),
(304, 25, 13, 1, 0, NULL, '2018-10-21 05:35:32', '2018-10-21 05:35:32', NULL, 22, 26, 34, 1),
(305, 25, 23, 1, 0, NULL, '2018-10-21 05:35:32', '2018-10-21 05:35:32', NULL, 26, 35, 25, 1),
(306, 23, 5, 1, 0, NULL, '2018-10-21 05:35:32', '2018-10-21 05:35:32', NULL, 26, 30, 24, 1),
(307, 25, 3, 4, 0, NULL, '2018-10-21 05:35:32', '2018-10-21 05:35:32', NULL, 32, 26, 27, 1),
(308, 21, 11, 1, 1, '02:04:50', '2018-10-21 05:35:32', '2018-10-21 05:35:32', NULL, 25, 22, 24, 1),
(309, 28, 2, 4, 1, '11:21:27', '2018-10-21 05:35:32', '2018-10-21 05:35:32', NULL, 24, 34, 29, 1),
(310, 35, 15, 2, 1, '21:40:29', '2018-10-21 05:35:32', '2018-10-21 05:35:32', NULL, 31, 26, 25, 1),
(311, 21, 4, 2, 1, '12:43:52', '2018-10-21 05:35:32', '2018-10-21 05:35:32', NULL, 27, 35, 35, 1),
(312, 30, 19, 2, 0, NULL, '2018-10-21 05:35:32', '2018-10-21 05:35:32', NULL, 23, 31, 30, 1),
(313, 28, 3, 3, 1, '11:44:39', '2018-10-21 05:35:32', '2018-10-21 05:35:32', NULL, 26, 35, 35, 1),
(314, 25, 25, 1, 1, '02:06:52', '2018-10-21 05:35:32', '2018-10-21 05:35:32', NULL, 31, 31, 22, 1),
(315, 25, 6, 4, 1, '21:05:35', '2018-10-21 05:35:32', '2018-10-21 05:35:32', NULL, 23, 32, 30, 1),
(316, 24, 15, 2, 1, '00:08:33', '2018-10-21 05:35:32', '2018-10-21 05:35:32', NULL, 29, 22, 27, 1),
(317, 35, 10, 1, 1, '04:08:30', '2018-10-21 05:35:32', '2018-10-21 05:35:32', NULL, 33, 27, 33, 1),
(318, 22, 9, 3, 1, '20:46:42', '2018-10-21 05:35:32', '2018-10-21 05:35:32', NULL, 24, 26, 27, 1),
(319, 28, 5, 3, 0, NULL, '2018-10-21 05:35:32', '2018-10-21 05:35:32', NULL, 29, 22, 30, 1),
(320, 26, 1, 2, 0, NULL, '2018-10-21 05:35:32', '2018-10-21 05:35:32', NULL, 32, 26, 22, 1),
(321, 28, 13, 3, 1, '22:14:22', '2018-10-21 05:35:32', '2018-10-21 05:35:32', NULL, 30, 21, 31, 1),
(322, 27, 11, 3, 0, NULL, '2018-10-21 05:35:32', '2018-10-21 05:35:32', NULL, 24, 24, 26, 1),
(323, 27, 6, 1, 0, NULL, '2018-10-21 05:35:32', '2018-10-21 05:35:32', NULL, 23, 30, 28, 1),
(324, 28, 12, 3, 1, '00:25:34', '2018-10-21 05:35:32', '2018-10-21 05:35:32', NULL, 21, 31, 33, 1),
(325, 23, 4, 3, 0, NULL, '2018-10-21 05:35:32', '2018-10-21 05:35:32', NULL, 31, 34, 24, 1),
(326, 26, 18, 1, 1, '02:25:43', '2018-10-21 05:35:32', '2018-10-21 05:35:32', NULL, 33, 33, 24, 1),
(327, 35, 12, 3, 0, NULL, '2018-10-21 05:35:32', '2018-10-21 05:35:32', NULL, 33, 22, 24, 1),
(328, 29, 18, 2, 1, '23:05:58', '2018-10-21 05:35:32', '2018-10-21 05:35:32', NULL, 33, 27, 34, 1),
(329, 25, 13, 2, 0, NULL, '2018-10-21 05:35:32', '2018-10-21 05:35:32', NULL, 25, 26, 31, 1),
(330, 34, 17, 2, 1, '15:34:29', '2018-10-21 05:35:32', '2018-10-21 05:35:32', NULL, 35, 35, 28, 1),
(331, 30, 3, 1, 0, NULL, '2018-10-21 05:35:32', '2018-10-21 05:35:32', NULL, 31, 30, 31, 1),
(332, 34, 12, 4, 1, '19:46:50', '2018-10-21 05:35:32', '2018-10-21 05:35:32', NULL, 33, 24, 35, 1),
(333, 26, 20, 1, 1, '07:24:06', '2018-10-21 05:35:32', '2018-10-21 05:35:32', NULL, 34, 32, 25, 1),
(334, 34, 9, 2, 0, NULL, '2018-10-21 05:35:32', '2018-10-21 05:35:32', NULL, 26, 31, 30, 1),
(335, 24, 8, 2, 0, NULL, '2018-10-21 05:35:32', '2018-10-21 05:35:32', NULL, 21, 26, 22, 1),
(336, 34, 10, 1, 0, NULL, '2018-10-21 05:35:32', '2018-10-21 05:35:32', NULL, 21, 34, 34, 1),
(337, 30, 16, 2, 0, NULL, '2018-10-21 05:35:32', '2018-10-21 05:35:32', NULL, 34, 35, 21, 1),
(338, 33, 12, 4, 0, NULL, '2018-10-21 05:35:32', '2018-10-21 05:35:32', NULL, 34, 28, 30, 1),
(339, 23, 8, 4, 1, '07:14:31', '2018-10-21 05:35:32', '2018-10-21 05:35:32', NULL, 31, 26, 29, 1),
(340, 26, 3, 4, 1, '22:29:54', '2018-10-21 05:35:32', '2018-10-21 05:35:32', NULL, 29, 27, 34, 1),
(341, 22, 18, 1, 0, NULL, '2018-10-21 05:35:32', '2018-10-21 05:35:32', NULL, 22, 31, 22, 1),
(342, 34, 21, 1, 0, NULL, '2018-10-21 05:35:32', '2018-10-21 05:35:32', NULL, 34, 34, 35, 1),
(343, 24, 24, 4, 0, NULL, '2018-10-21 05:35:32', '2018-10-21 05:35:32', NULL, 27, 26, 21, 1),
(344, 24, 6, 2, 1, '12:48:18', '2018-10-21 05:35:32', '2018-10-21 05:35:32', NULL, 21, 22, 31, 1),
(345, 28, 15, 3, 0, NULL, '2018-10-21 05:35:32', '2018-10-21 05:35:32', NULL, 29, 32, 25, 1),
(346, 29, 18, 2, 1, '15:27:14', '2018-10-21 05:35:32', '2018-10-21 05:35:32', NULL, 31, 26, 28, 1),
(347, 33, 12, 3, 0, NULL, '2018-10-21 05:35:32', '2018-10-21 05:35:32', NULL, 26, 23, 26, 1),
(348, 32, 19, 2, 0, NULL, '2018-10-21 05:35:32', '2018-10-21 05:35:32', NULL, 21, 31, 30, 1),
(349, 25, 13, 4, 1, '08:38:03', '2018-10-21 05:35:32', '2018-10-21 05:35:32', NULL, 21, 34, 33, 1),
(350, 21, 19, 4, 1, '12:48:39', '2018-10-21 05:35:32', '2018-10-21 05:35:32', NULL, 29, 30, 33, 1),
(351, 25, 25, 2, 0, NULL, '2018-10-21 05:35:32', '2018-10-21 05:35:32', NULL, 21, 29, 26, 1),
(352, 22, 22, 3, 0, NULL, '2018-10-21 05:35:32', '2018-10-21 05:35:32', NULL, 29, 32, 29, 1),
(353, 25, 16, 4, 1, '20:46:01', '2018-10-21 05:35:32', '2018-10-21 05:35:32', NULL, 22, 26, 24, 1),
(354, 25, 10, 4, 0, NULL, '2018-10-21 05:35:32', '2018-10-21 05:35:32', NULL, 28, 35, 32, 1),
(355, 25, 4, 1, 0, NULL, '2018-10-21 05:35:32', '2018-10-21 05:35:32', NULL, 27, 25, 24, 1),
(356, 21, 11, 1, 1, '14:22:48', '2018-10-21 05:35:32', '2018-10-21 05:35:32', NULL, 34, 22, 26, 1),
(357, 27, 22, 2, 0, NULL, '2018-10-21 05:35:32', '2018-10-21 05:35:32', NULL, 27, 23, 21, 1),
(358, 34, 2, 1, 1, '18:48:18', '2018-10-21 05:35:32', '2018-10-21 05:35:32', NULL, 29, 30, 32, 1),
(359, 29, 7, 3, 0, NULL, '2018-10-21 05:35:32', '2018-10-21 05:35:32', NULL, 25, 29, 35, 1),
(360, 21, 20, 2, 0, NULL, '2018-10-21 05:35:32', '2018-10-21 05:35:32', NULL, 27, 27, 29, 1),
(361, 24, 11, 3, 0, NULL, '2018-10-21 05:35:32', '2018-10-21 05:35:32', NULL, 32, 33, 21, 1),
(362, 27, 23, 2, 1, '13:01:50', '2018-10-21 05:35:32', '2018-10-21 05:35:32', NULL, 22, 33, 23, 1),
(363, 25, 7, 2, 0, NULL, '2018-10-21 05:35:32', '2018-10-21 05:35:32', NULL, 22, 22, 22, 1),
(364, 24, 25, 4, 1, '20:13:07', '2018-10-21 05:35:32', '2018-10-21 05:35:32', NULL, 21, 25, 33, 1),
(365, 32, 21, 1, 1, '16:18:23', '2018-10-21 05:35:32', '2018-10-21 05:35:32', NULL, 26, 24, 25, 1),
(366, 25, 15, 3, 1, '08:22:16', '2018-10-21 05:35:32', '2018-10-21 05:35:32', NULL, 22, 25, 23, 1),
(367, 26, 11, 1, 1, '12:16:49', '2018-10-21 05:35:32', '2018-10-21 05:35:32', NULL, 32, 21, 27, 1),
(368, 33, 16, 2, 1, '01:57:50', '2018-10-21 05:35:32', '2018-10-21 05:35:32', NULL, 23, 30, 29, 1),
(369, 26, 10, 2, 0, NULL, '2018-10-21 05:35:32', '2018-10-21 05:35:32', NULL, 24, 25, 26, 1),
(370, 28, 15, 4, 0, NULL, '2018-10-21 05:35:32', '2018-10-21 05:35:32', NULL, 26, 34, 29, 1),
(371, 33, 24, 1, 1, '05:51:29', '2018-10-21 05:35:32', '2018-10-21 05:35:32', NULL, 35, 30, 27, 1),
(372, 34, 21, 2, 1, '13:41:49', '2018-10-21 05:35:32', '2018-10-21 05:35:32', NULL, 33, 24, 30, 1),
(373, 34, 23, 3, 0, NULL, '2018-10-21 05:35:32', '2018-10-21 05:35:32', NULL, 26, 33, 30, 1),
(374, 23, 4, 2, 0, NULL, '2018-10-21 05:35:32', '2018-10-21 05:35:32', NULL, 34, 23, 26, 1),
(375, 24, 14, 3, 0, NULL, '2018-10-21 05:35:32', '2018-10-21 05:35:32', NULL, 34, 28, 27, 1),
(376, 23, 12, 1, 0, NULL, '2018-10-21 05:35:32', '2018-10-21 05:35:32', NULL, 21, 24, 33, 1),
(377, 25, 15, 4, 1, '14:12:29', '2018-10-21 05:35:32', '2018-10-21 05:35:32', NULL, 24, 30, 29, 1),
(378, 30, 7, 4, 1, '17:49:01', '2018-10-21 05:35:32', '2018-10-21 05:35:32', NULL, 26, 32, 30, 1),
(379, 26, 9, 4, 0, NULL, '2018-10-21 05:35:32', '2018-10-21 05:35:32', NULL, 25, 31, 23, 1),
(380, 25, 19, 3, 1, '22:54:57', '2018-10-21 05:35:32', '2018-10-21 05:35:32', NULL, 29, 28, 28, 1),
(381, 24, 15, 2, 1, '19:43:08', '2018-10-21 05:35:32', '2018-10-21 05:35:32', NULL, 30, 22, 24, 1),
(382, 26, 19, 1, 0, NULL, '2018-10-21 05:35:32', '2018-10-21 05:35:32', NULL, 30, 28, 32, 1),
(383, 35, 1, 4, 1, '05:58:08', '2018-10-21 05:35:32', '2018-10-21 05:35:32', NULL, 22, 26, 33, 1),
(384, 35, 10, 4, 1, '02:49:51', '2018-10-21 05:35:32', '2018-10-21 05:35:32', NULL, 35, 31, 22, 1),
(385, 24, 18, 1, 0, NULL, '2018-10-21 05:35:32', '2018-10-21 05:35:32', NULL, 31, 28, 28, 1),
(386, 24, 13, 4, 0, NULL, '2018-10-21 05:35:32', '2018-10-21 05:35:32', NULL, 29, 23, 29, 1),
(387, 33, 1, 1, 1, '03:49:15', '2018-10-21 05:35:32', '2018-10-21 05:35:32', NULL, 34, 25, 23, 1),
(388, 30, 9, 3, 1, '08:51:24', '2018-10-21 05:35:32', '2018-10-21 05:35:32', NULL, 24, 34, 24, 1),
(389, 23, 15, 3, 1, '02:38:12', '2018-10-21 05:35:32', '2018-10-21 05:35:32', NULL, 24, 31, 33, 1),
(390, 22, 12, 2, 1, '04:39:48', '2018-10-21 05:35:32', '2018-10-21 05:35:32', NULL, 24, 22, 32, 1),
(391, 24, 12, 4, 0, NULL, '2018-10-21 05:35:32', '2018-10-21 05:35:32', NULL, 26, 21, 35, 1),
(392, 33, 7, 1, 0, NULL, '2018-10-21 05:35:32', '2018-10-21 05:35:32', NULL, 32, 34, 31, 1),
(393, 33, 14, 3, 1, '12:33:08', '2018-10-21 05:35:32', '2018-10-21 05:35:32', NULL, 24, 23, 35, 1),
(394, 31, 9, 4, 1, '02:59:01', '2018-10-21 05:35:32', '2018-10-21 05:35:32', NULL, 27, 30, 22, 1),
(395, 27, 24, 3, 1, '15:51:11', '2018-10-21 05:35:32', '2018-10-21 05:35:32', NULL, 29, 30, 35, 1),
(396, 25, 17, 3, 0, NULL, '2018-10-21 05:35:32', '2018-10-21 05:35:32', NULL, 35, 23, 28, 1),
(397, 31, 17, 3, 1, '23:32:06', '2018-10-21 05:35:32', '2018-10-21 05:35:32', NULL, 33, 31, 29, 1),
(398, 21, 3, 1, 1, '16:00:21', '2018-10-21 05:35:32', '2018-10-21 05:35:32', NULL, 34, 32, 22, 1),
(399, 31, 12, 1, 1, '07:00:08', '2018-10-21 05:35:32', '2018-10-21 05:35:32', NULL, 26, 24, 27, 1),
(400, 31, 4, 3, 0, NULL, '2018-10-21 05:35:32', '2018-10-21 05:35:32', NULL, 23, 29, 22, 1),
(401, 22, 23, 1, 0, NULL, '2018-10-21 06:06:13', '2018-10-21 06:06:13', NULL, 22, NULL, NULL, 1),
(402, 22, 22, 1, 1, '09:47:00', '2018-10-25 04:17:20', '2018-10-25 04:17:20', NULL, 22, NULL, NULL, 1),
(403, 22, 22, 1, 0, NULL, '2018-10-25 04:18:33', '2018-10-25 04:18:33', NULL, 22, NULL, NULL, 1),
(404, 22, 10, 1, 1, '20:04:00', '2018-10-25 17:36:16', '2018-10-25 17:36:16', NULL, 22, NULL, NULL, 1),
(405, 22, 3, 1, 1, '06:15:00', '2018-10-27 06:46:33', '2018-10-27 06:46:33', NULL, 22, NULL, NULL, 1);

-- --------------------------------------------------------

--
-- Table structure for table `migrations`
--

CREATE TABLE `migrations` (
  `id` int(10) UNSIGNED NOT NULL,
  `migration` varchar(191) COLLATE utf8mb4_unicode_ci NOT NULL,
  `batch` int(11) NOT NULL
) ENGINE=InnoDB DEFAULT CHARSET=utf8mb4 COLLATE=utf8mb4_unicode_ci;

--
-- Dumping data for table `migrations`
--

INSERT INTO `migrations` (`id`, `migration`, `batch`) VALUES
(305, '2014_10_12_000000_create_users_table', 1),
(306, '2014_10_12_100000_create_password_resets_table', 1),
(331, '2018_10_21_000733_create_months_table', 3),
(363, '2018_09_25_154150_create_leaves_table', 4),
(364, '2018_09_25_154354_create_classes_table', 4),
(365, '2018_09_25_154514_create_subjects_table', 4),
(366, '2018_09_25_154551_create_topics_table', 4),
(367, '2018_09_25_154620_create_lectures_table', 4),
(368, '2018_09_25_154657_create_topics_taken_table', 4),
(369, '2018_10_21_012020_create_month_subject_table', 4);

-- --------------------------------------------------------

--
-- Table structure for table `months`
--

CREATE TABLE `months` (
  `id` int(10) UNSIGNED NOT NULL,
  `name` varchar(191) COLLATE utf8mb4_unicode_ci NOT NULL,
  `created_at` timestamp NULL DEFAULT NULL,
  `updated_at` timestamp NULL DEFAULT NULL
) ENGINE=InnoDB DEFAULT CHARSET=utf8mb4 COLLATE=utf8mb4_unicode_ci;

--
-- Dumping data for table `months`
--

INSERT INTO `months` (`id`, `name`, `created_at`, `updated_at`) VALUES
(1, 'Jan', '2018-10-20 19:33:47', '2018-10-20 19:34:13'),
(2, 'Feb', '2018-10-20 19:34:32', '2018-10-20 19:34:32'),
(3, 'Mar', '2018-10-20 19:34:50', '2018-10-20 19:34:50'),
(4, 'Apr', '2018-10-20 19:34:57', '2018-10-20 19:35:03'),
(5, 'May', '2018-10-20 19:35:27', '2018-10-20 19:35:27'),
(6, 'Jun', '2018-10-20 19:35:34', '2018-10-20 19:35:34'),
(7, 'Jul', '2018-10-20 19:35:44', '2018-10-20 19:35:44'),
(8, 'Aug', '2018-10-20 19:35:53', '2018-10-20 19:35:53'),
(9, 'Sept', '2018-10-20 19:36:01', '2018-10-20 19:36:01'),
(10, 'Oct', '2018-10-20 19:36:10', '2018-10-20 19:36:10'),
(11, 'Nov', '2018-10-20 19:36:17', '2018-10-20 19:36:17'),
(12, 'Dec', '2018-10-20 19:36:23', '2018-10-20 19:36:23');

-- --------------------------------------------------------

--
-- Table structure for table `month_subject`
--

CREATE TABLE `month_subject` (
  `id` int(10) UNSIGNED NOT NULL,
  `subject_id` int(10) UNSIGNED NOT NULL,
  `month_id` int(10) UNSIGNED NOT NULL,
  `lectures_planned` int(11) NOT NULL,
  `practicals_planned` int(11) NOT NULL,
  `created_at` timestamp NULL DEFAULT NULL,
  `updated_at` timestamp NULL DEFAULT NULL,
  `deleted_at` timestamp NULL DEFAULT NULL,
  `created_by` int(10) UNSIGNED NOT NULL,
  `updated_by` int(10) UNSIGNED DEFAULT NULL,
  `deleted_by` int(10) UNSIGNED DEFAULT NULL
) ENGINE=InnoDB DEFAULT CHARSET=utf8mb4 COLLATE=utf8mb4_unicode_ci;

--
-- Dumping data for table `month_subject`
--

INSERT INTO `month_subject` (`id`, `subject_id`, `month_id`, `lectures_planned`, `practicals_planned`, `created_at`, `updated_at`, `deleted_at`, `created_by`, `updated_by`, `deleted_by`) VALUES
(1, 15, 11, 20, 3, NULL, NULL, NULL, 33, NULL, NULL),
(2, 1, 1, 19, 4, NULL, NULL, NULL, 31, NULL, NULL),
(3, 6, 1, 17, 4, NULL, NULL, NULL, 21, NULL, NULL),
(4, 8, 9, 17, 2, NULL, NULL, NULL, 26, NULL, NULL),
(5, 6, 11, 17, 2, NULL, NULL, NULL, 23, NULL, NULL),
(6, 11, 3, 16, 3, NULL, NULL, NULL, 32, NULL, NULL),
(7, 11, 8, 18, 4, NULL, NULL, NULL, 30, NULL, NULL),
(8, 9, 12, 18, 3, NULL, NULL, NULL, 35, NULL, NULL),
(9, 10, 10, 16, 2, NULL, NULL, NULL, 35, NULL, NULL),
(10, 19, 11, 17, 4, NULL, NULL, NULL, 22, NULL, NULL),
(11, 17, 7, 15, 3, NULL, NULL, NULL, 24, NULL, NULL),
(12, 3, 10, 18, 3, NULL, NULL, NULL, 33, NULL, NULL),
(13, 5, 6, 18, 2, NULL, NULL, NULL, 22, NULL, NULL),
(14, 5, 5, 18, 2, NULL, NULL, NULL, 30, NULL, NULL),
(15, 3, 10, 17, 2, NULL, NULL, NULL, 26, NULL, NULL),
(16, 19, 2, 17, 4, NULL, NULL, NULL, 27, NULL, NULL),
(17, 5, 8, 16, 4, NULL, NULL, NULL, 27, NULL, NULL),
(18, 15, 12, 17, 2, NULL, NULL, NULL, 31, NULL, NULL),
(19, 8, 5, 20, 3, NULL, NULL, NULL, 28, NULL, NULL),
(20, 14, 7, 18, 3, NULL, NULL, NULL, 22, NULL, NULL),
(21, 2, 4, 15, 3, NULL, NULL, NULL, 28, NULL, NULL),
(22, 9, 2, 16, 4, NULL, NULL, NULL, 25, NULL, NULL),
(23, 10, 12, 18, 3, NULL, NULL, NULL, 33, NULL, NULL),
(24, 17, 3, 15, 2, NULL, NULL, NULL, 22, NULL, NULL),
(25, 2, 2, 20, 2, NULL, NULL, NULL, 22, NULL, NULL),
(26, 10, 5, 16, 4, NULL, NULL, NULL, 31, NULL, NULL),
(27, 2, 6, 17, 4, NULL, NULL, NULL, 21, NULL, NULL),
(28, 12, 11, 19, 4, NULL, NULL, NULL, 25, NULL, NULL),
(29, 15, 11, 17, 3, NULL, NULL, NULL, 29, NULL, NULL),
(30, 2, 4, 20, 4, NULL, NULL, NULL, 22, NULL, NULL),
(31, 3, 6, 16, 3, NULL, NULL, NULL, 23, NULL, NULL),
(32, 1, 5, 20, 3, NULL, NULL, NULL, 21, NULL, NULL),
(33, 20, 9, 15, 3, NULL, NULL, NULL, 35, NULL, NULL),
(34, 14, 11, 16, 2, NULL, NULL, NULL, 27, NULL, NULL),
(35, 8, 5, 18, 4, NULL, NULL, NULL, 26, NULL, NULL),
(36, 16, 3, 18, 4, NULL, NULL, NULL, 33, NULL, NULL),
(37, 16, 4, 15, 3, NULL, NULL, NULL, 26, NULL, NULL),
(38, 16, 7, 17, 4, NULL, NULL, NULL, 26, NULL, NULL),
(39, 18, 6, 16, 3, NULL, NULL, NULL, 35, NULL, NULL),
(40, 14, 1, 15, 4, NULL, NULL, NULL, 25, NULL, NULL),
(41, 9, 9, 17, 4, NULL, NULL, NULL, 34, NULL, NULL),
(42, 6, 4, 15, 4, NULL, NULL, NULL, 27, NULL, NULL),
(43, 2, 8, 16, 4, NULL, NULL, NULL, 26, NULL, NULL),
(44, 7, 8, 19, 3, NULL, NULL, NULL, 21, NULL, NULL),
(45, 20, 3, 19, 3, NULL, NULL, NULL, 21, NULL, NULL),
(46, 2, 2, 20, 3, NULL, NULL, NULL, 21, NULL, NULL),
(47, 14, 6, 16, 4, NULL, NULL, NULL, 35, NULL, NULL),
(48, 3, 8, 17, 3, NULL, NULL, NULL, 28, NULL, NULL),
(49, 1, 4, 16, 3, NULL, NULL, NULL, 33, NULL, NULL),
(50, 17, 11, 18, 3, NULL, NULL, NULL, 26, NULL, NULL),
(51, 7, 9, 15, 2, NULL, NULL, NULL, 31, NULL, NULL),
(52, 16, 5, 19, 2, NULL, NULL, NULL, 25, NULL, NULL),
(53, 11, 10, 17, 2, NULL, NULL, NULL, 31, NULL, NULL),
(54, 15, 12, 15, 4, NULL, NULL, NULL, 21, NULL, NULL),
(55, 13, 2, 17, 2, NULL, NULL, NULL, 25, NULL, NULL),
(56, 13, 10, 19, 4, NULL, NULL, NULL, 24, NULL, NULL),
(57, 2, 2, 17, 3, NULL, NULL, NULL, 21, NULL, NULL),
(58, 12, 3, 17, 2, NULL, NULL, NULL, 34, NULL, NULL),
(59, 1, 5, 20, 2, NULL, NULL, NULL, 29, NULL, NULL),
(60, 4, 12, 20, 3, NULL, NULL, NULL, 23, NULL, NULL),
(61, 5, 8, 18, 4, NULL, NULL, NULL, 25, NULL, NULL),
(62, 14, 9, 20, 4, NULL, NULL, NULL, 24, NULL, NULL),
(63, 15, 1, 15, 4, NULL, NULL, NULL, 32, NULL, NULL),
(64, 7, 7, 19, 2, NULL, NULL, NULL, 35, NULL, NULL),
(65, 13, 10, 20, 4, NULL, NULL, NULL, 34, NULL, NULL),
(66, 2, 10, 15, 4, NULL, NULL, NULL, 30, NULL, NULL),
(67, 5, 10, 15, 3, NULL, NULL, NULL, 31, NULL, NULL),
(68, 3, 11, 16, 3, NULL, NULL, NULL, 24, NULL, NULL),
(69, 7, 11, 19, 3, NULL, NULL, NULL, 28, NULL, NULL),
(70, 2, 7, 18, 3, NULL, NULL, NULL, 23, NULL, NULL),
(71, 4, 9, 15, 3, NULL, NULL, NULL, 28, NULL, NULL),
(72, 8, 2, 18, 3, NULL, NULL, NULL, 26, NULL, NULL),
(73, 3, 10, 18, 4, NULL, NULL, NULL, 33, NULL, NULL),
(74, 14, 12, 20, 4, NULL, NULL, NULL, 22, NULL, NULL),
(75, 17, 11, 16, 2, NULL, NULL, NULL, 25, NULL, NULL),
(76, 9, 5, 15, 4, NULL, NULL, NULL, 34, NULL, NULL),
(77, 20, 4, 19, 4, NULL, NULL, NULL, 29, NULL, NULL),
(78, 8, 9, 15, 3, NULL, NULL, NULL, 32, NULL, NULL),
(79, 5, 12, 19, 4, NULL, NULL, NULL, 33, NULL, NULL),
(80, 2, 3, 18, 4, NULL, NULL, NULL, 31, NULL, NULL),
(81, 16, 12, 16, 3, NULL, NULL, NULL, 22, NULL, NULL),
(82, 3, 4, 17, 3, NULL, NULL, NULL, 31, NULL, NULL),
(83, 19, 1, 19, 3, NULL, NULL, NULL, 24, NULL, NULL),
(84, 1, 11, 20, 2, NULL, NULL, NULL, 31, NULL, NULL),
(85, 6, 10, 18, 4, NULL, NULL, NULL, 22, NULL, NULL),
(86, 18, 4, 18, 3, NULL, NULL, NULL, 33, NULL, NULL),
(87, 7, 10, 18, 2, NULL, NULL, NULL, 31, NULL, NULL),
(88, 10, 7, 17, 3, NULL, NULL, NULL, 35, NULL, NULL),
(89, 17, 1, 15, 4, NULL, NULL, NULL, 25, NULL, NULL),
(90, 1, 9, 17, 2, NULL, NULL, NULL, 25, NULL, NULL),
(91, 14, 4, 15, 4, NULL, NULL, NULL, 32, NULL, NULL),
(92, 18, 11, 19, 3, NULL, NULL, NULL, 31, NULL, NULL),
(93, 17, 2, 16, 3, NULL, NULL, NULL, 22, NULL, NULL),
(94, 7, 6, 20, 2, NULL, NULL, NULL, 25, NULL, NULL),
(95, 7, 1, 16, 2, NULL, NULL, NULL, 28, NULL, NULL),
(96, 17, 7, 15, 2, NULL, NULL, NULL, 28, NULL, NULL),
(97, 6, 7, 19, 2, NULL, NULL, NULL, 26, NULL, NULL),
(98, 9, 11, 17, 2, NULL, NULL, NULL, 35, NULL, NULL),
(99, 10, 2, 16, 4, NULL, NULL, NULL, 33, NULL, NULL),
(100, 28, 1, 1, 2, NULL, NULL, NULL, 23, NULL, NULL),
(101, 28, 2, 3, 4, NULL, NULL, NULL, 23, NULL, NULL),
(102, 28, 3, 5, 6, NULL, NULL, NULL, 23, NULL, NULL),
(103, 28, 4, 7, 8, NULL, NULL, NULL, 23, NULL, NULL),
(104, 28, 5, 9, 11, NULL, NULL, NULL, 23, NULL, NULL),
(105, 31, 7, 1, 2, NULL, NULL, NULL, 23, NULL, NULL),
(106, 31, 8, 3, 4, NULL, NULL, NULL, 23, NULL, NULL),
(107, 31, 9, 5, 6, NULL, NULL, NULL, 23, NULL, NULL),
(108, 31, 10, 7, 8, NULL, NULL, NULL, 23, NULL, NULL),
(109, 31, 11, 9, 11, NULL, NULL, NULL, 23, NULL, NULL),
(110, 33, 7, 1, 2, NULL, NULL, NULL, 23, NULL, NULL),
(111, 33, 7, 3, 4, NULL, NULL, NULL, 23, NULL, NULL),
(112, 33, 7, 5, 6, NULL, NULL, NULL, 23, NULL, NULL),
(113, 33, 7, 7, 8, NULL, NULL, NULL, 23, NULL, NULL),
(114, 33, 7, 9, 11, NULL, NULL, NULL, 23, NULL, NULL),
(115, 34, 7, 9, 8, NULL, NULL, NULL, 23, NULL, NULL),
(116, 34, 7, 7, 6, NULL, NULL, NULL, 23, NULL, NULL),
(117, 34, 7, 5, 4, NULL, NULL, NULL, 23, NULL, NULL),
(118, 34, 7, 3, 2, NULL, NULL, NULL, 23, NULL, NULL),
(119, 34, 7, 1, 99, NULL, NULL, NULL, 23, NULL, NULL),
(120, 35, 7, 9, 8, NULL, NULL, NULL, 23, NULL, NULL),
(121, 35, 8, 7, 6, NULL, NULL, NULL, 23, NULL, NULL),
(122, 35, 9, 5, 4, NULL, NULL, NULL, 23, NULL, NULL),
(123, 35, 10, 3, 2, NULL, NULL, NULL, 23, NULL, NULL),
(124, 35, 11, 1, 99, NULL, NULL, NULL, 23, NULL, NULL),
(125, 36, 7, 9, 9, NULL, NULL, NULL, 23, NULL, NULL),
(126, 36, 8, 8, 8, NULL, NULL, NULL, 23, NULL, NULL),
(127, 36, 9, 7, 7, NULL, NULL, NULL, 23, NULL, NULL),
(128, 36, 10, 6, 6, NULL, NULL, NULL, 23, NULL, NULL),
(129, 36, 11, 5, 5, NULL, NULL, NULL, 23, NULL, NULL),
(130, 37, 7, 9, 8, NULL, NULL, NULL, 23, NULL, NULL),
(131, 37, 8, 7, 6, NULL, NULL, NULL, 23, NULL, NULL),
(132, 37, 9, 5, 4, NULL, NULL, NULL, 23, NULL, NULL),
(133, 37, 10, 4, 3, NULL, NULL, NULL, 23, NULL, NULL),
(134, 37, 11, 2, 1, NULL, NULL, NULL, 23, NULL, NULL),
(135, 3, 5, 15, 4, NULL, NULL, NULL, 33, NULL, NULL),
(136, 11, 4, 16, 4, NULL, NULL, NULL, 23, NULL, NULL),
(137, 12, 9, 20, 2, NULL, NULL, NULL, 35, NULL, NULL),
(138, 13, 1, 16, 2, NULL, NULL, NULL, 26, NULL, NULL),
(139, 8, 10, 18, 2, NULL, NULL, NULL, 34, NULL, NULL),
(140, 20, 5, 19, 2, NULL, NULL, NULL, 31, NULL, NULL),
(141, 17, 9, 20, 2, NULL, NULL, NULL, 30, NULL, NULL),
(142, 19, 5, 19, 4, NULL, NULL, NULL, 29, NULL, NULL),
(143, 2, 11, 18, 4, NULL, NULL, NULL, 22, NULL, NULL),
(144, 11, 4, 15, 2, NULL, NULL, NULL, 29, NULL, NULL),
(145, 1, 1, 20, 3, NULL, NULL, NULL, 21, NULL, NULL),
(146, 13, 3, 18, 4, NULL, NULL, NULL, 30, NULL, NULL),
(147, 7, 9, 19, 3, NULL, NULL, NULL, 27, NULL, NULL),
(148, 8, 5, 17, 2, NULL, NULL, NULL, 24, NULL, NULL),
(149, 13, 10, 16, 2, NULL, NULL, NULL, 22, NULL, NULL),
(150, 12, 3, 18, 4, NULL, NULL, NULL, 35, NULL, NULL),
(151, 10, 7, 19, 2, NULL, NULL, NULL, 24, NULL, NULL),
(152, 5, 4, 20, 4, NULL, NULL, NULL, 29, NULL, NULL),
(153, 10, 9, 16, 3, NULL, NULL, NULL, 27, NULL, NULL),
(154, 16, 11, 19, 2, NULL, NULL, NULL, 24, NULL, NULL),
(155, 15, 2, 18, 4, NULL, NULL, NULL, 26, NULL, NULL),
(156, 1, 4, 18, 2, NULL, NULL, NULL, 32, NULL, NULL),
(157, 5, 12, 18, 3, NULL, NULL, NULL, 26, NULL, NULL),
(158, 13, 3, 17, 3, NULL, NULL, NULL, 26, NULL, NULL),
(159, 11, 10, 19, 2, NULL, NULL, NULL, 26, NULL, NULL),
(160, 7, 6, 18, 2, NULL, NULL, NULL, 28, NULL, NULL),
(161, 1, 11, 17, 3, NULL, NULL, NULL, 24, NULL, NULL),
(162, 9, 7, 15, 4, NULL, NULL, NULL, 21, NULL, NULL),
(163, 11, 5, 18, 2, NULL, NULL, NULL, 25, NULL, NULL),
(164, 20, 7, 17, 3, NULL, NULL, NULL, 28, NULL, NULL),
(165, 9, 8, 18, 4, NULL, NULL, NULL, 26, NULL, NULL),
(166, 7, 8, 20, 2, NULL, NULL, NULL, 24, NULL, NULL),
(167, 7, 9, 16, 3, NULL, NULL, NULL, 34, NULL, NULL),
(168, 8, 11, 19, 4, NULL, NULL, NULL, 33, NULL, NULL),
(169, 19, 12, 19, 4, NULL, NULL, NULL, 33, NULL, NULL),
(170, 3, 9, 19, 4, NULL, NULL, NULL, 35, NULL, NULL),
(171, 9, 3, 17, 2, NULL, NULL, NULL, 29, NULL, NULL),
(172, 5, 1, 20, 3, NULL, NULL, NULL, 29, NULL, NULL),
(173, 19, 10, 15, 4, NULL, NULL, NULL, 29, NULL, NULL),
(174, 12, 8, 20, 3, NULL, NULL, NULL, 35, NULL, NULL),
(175, 8, 5, 18, 2, NULL, NULL, NULL, 34, NULL, NULL),
(176, 4, 12, 16, 4, NULL, NULL, NULL, 26, NULL, NULL),
(177, 17, 1, 15, 4, NULL, NULL, NULL, 22, NULL, NULL),
(178, 17, 4, 19, 3, NULL, NULL, NULL, 21, NULL, NULL),
(179, 9, 5, 15, 3, NULL, NULL, NULL, 33, NULL, NULL),
(180, 19, 3, 15, 4, NULL, NULL, NULL, 28, NULL, NULL),
(181, 9, 1, 20, 4, NULL, NULL, NULL, 25, NULL, NULL),
(182, 1, 8, 15, 4, NULL, NULL, NULL, 33, NULL, NULL),
(183, 12, 6, 20, 3, NULL, NULL, NULL, 35, NULL, NULL),
(184, 2, 6, 20, 2, NULL, NULL, NULL, 24, NULL, NULL),
(185, 8, 10, 15, 2, NULL, NULL, NULL, 22, NULL, NULL),
(186, 20, 9, 15, 2, NULL, NULL, NULL, 30, NULL, NULL),
(187, 2, 10, 18, 2, NULL, NULL, NULL, 26, NULL, NULL),
(188, 4, 1, 15, 3, NULL, NULL, NULL, 29, NULL, NULL),
(189, 16, 2, 15, 3, NULL, NULL, NULL, 34, NULL, NULL),
(190, 3, 3, 20, 2, NULL, NULL, NULL, 25, NULL, NULL),
(191, 3, 7, 17, 3, NULL, NULL, NULL, 27, NULL, NULL),
(192, 9, 3, 20, 2, NULL, NULL, NULL, 31, NULL, NULL),
(193, 10, 10, 20, 4, NULL, NULL, NULL, 29, NULL, NULL),
(194, 7, 9, 17, 4, NULL, NULL, NULL, 24, NULL, NULL),
(195, 13, 4, 18, 2, NULL, NULL, NULL, 33, NULL, NULL),
(196, 2, 7, 19, 2, NULL, NULL, NULL, 28, NULL, NULL),
(197, 9, 7, 20, 2, NULL, NULL, NULL, 24, NULL, NULL),
(198, 17, 6, 20, 4, NULL, NULL, NULL, 28, NULL, NULL),
(199, 8, 9, 19, 3, NULL, NULL, NULL, 32, NULL, NULL),
(200, 3, 1, 15, 2, NULL, NULL, NULL, 32, NULL, NULL),
(201, 11, 8, 15, 3, NULL, NULL, NULL, 27, NULL, NULL),
(202, 5, 1, 18, 4, NULL, NULL, NULL, 28, NULL, NULL),
(203, 12, 10, 18, 3, NULL, NULL, NULL, 26, NULL, NULL),
(204, 17, 1, 20, 3, NULL, NULL, NULL, 23, NULL, NULL),
(205, 17, 11, 15, 4, NULL, NULL, NULL, 24, NULL, NULL),
(206, 8, 2, 20, 4, NULL, NULL, NULL, 28, NULL, NULL),
(207, 15, 3, 17, 2, NULL, NULL, NULL, 21, NULL, NULL),
(208, 16, 7, 20, 2, NULL, NULL, NULL, 27, NULL, NULL),
(209, 17, 2, 17, 4, NULL, NULL, NULL, 29, NULL, NULL),
(210, 12, 2, 15, 3, NULL, NULL, NULL, 32, NULL, NULL),
(211, 4, 1, 19, 4, NULL, NULL, NULL, 35, NULL, NULL),
(212, 7, 9, 16, 2, NULL, NULL, NULL, 34, NULL, NULL),
(213, 17, 7, 18, 3, NULL, NULL, NULL, 22, NULL, NULL),
(214, 3, 1, 20, 4, NULL, NULL, NULL, 21, NULL, NULL),
(215, 10, 3, 17, 4, NULL, NULL, NULL, 22, NULL, NULL),
(216, 12, 2, 17, 4, NULL, NULL, NULL, 32, NULL, NULL),
(217, 19, 7, 15, 3, NULL, NULL, NULL, 32, NULL, NULL),
(218, 2, 7, 18, 3, NULL, NULL, NULL, 21, NULL, NULL),
(219, 16, 9, 18, 3, NULL, NULL, NULL, 22, NULL, NULL),
(220, 9, 12, 18, 4, NULL, NULL, NULL, 32, NULL, NULL),
(221, 1, 9, 16, 4, NULL, NULL, NULL, 31, NULL, NULL),
(222, 14, 4, 15, 2, NULL, NULL, NULL, 33, NULL, NULL),
(223, 13, 9, 18, 2, NULL, NULL, NULL, 24, NULL, NULL),
(224, 1, 9, 15, 3, NULL, NULL, NULL, 33, NULL, NULL),
(225, 18, 12, 19, 3, NULL, NULL, NULL, 28, NULL, NULL),
(226, 4, 8, 20, 2, NULL, NULL, NULL, 33, NULL, NULL),
(227, 9, 9, 17, 2, NULL, NULL, NULL, 23, NULL, NULL),
(228, 5, 11, 18, 4, NULL, NULL, NULL, 22, NULL, NULL),
(229, 5, 4, 17, 3, NULL, NULL, NULL, 25, NULL, NULL),
(230, 15, 12, 17, 3, NULL, NULL, NULL, 33, NULL, NULL),
(231, 20, 5, 18, 4, NULL, NULL, NULL, 29, NULL, NULL),
(232, 1, 6, 18, 4, NULL, NULL, NULL, 33, NULL, NULL),
(233, 11, 5, 17, 2, NULL, NULL, NULL, 21, NULL, NULL),
(234, 16, 10, 17, 4, NULL, NULL, NULL, 25, NULL, NULL),
(235, 2, 6, 20, 4, NULL, NULL, NULL, 34, NULL, NULL),
(236, 8, 2, 18, 3, NULL, NULL, NULL, 34, NULL, NULL),
(237, 5, 11, 15, 2, NULL, NULL, NULL, 25, NULL, NULL),
(238, 17, 1, 20, 2, NULL, NULL, NULL, 35, NULL, NULL),
(239, 16, 4, 17, 2, NULL, NULL, NULL, 35, NULL, NULL),
(240, 19, 8, 15, 2, NULL, NULL, NULL, 25, NULL, NULL),
(241, 16, 7, 19, 2, NULL, NULL, NULL, 22, NULL, NULL),
(242, 12, 5, 17, 4, NULL, NULL, NULL, 29, NULL, NULL),
(243, 12, 5, 18, 3, NULL, NULL, NULL, 28, NULL, NULL),
(244, 3, 8, 15, 2, NULL, NULL, NULL, 32, NULL, NULL),
(245, 10, 4, 17, 3, NULL, NULL, NULL, 30, NULL, NULL),
(246, 14, 12, 15, 4, NULL, NULL, NULL, 29, NULL, NULL),
(247, 9, 11, 15, 2, NULL, NULL, NULL, 24, NULL, NULL),
(248, 9, 6, 18, 4, NULL, NULL, NULL, 32, NULL, NULL),
(249, 9, 1, 17, 4, NULL, NULL, NULL, 23, NULL, NULL),
(250, 17, 12, 16, 3, NULL, NULL, NULL, 28, NULL, NULL),
(251, 10, 8, 19, 3, NULL, NULL, NULL, 21, NULL, NULL),
(252, 18, 11, 18, 3, NULL, NULL, NULL, 33, NULL, NULL),
(253, 18, 11, 19, 3, NULL, NULL, NULL, 24, NULL, NULL),
(254, 10, 2, 17, 2, NULL, NULL, NULL, 23, NULL, NULL),
(255, 10, 8, 15, 3, NULL, NULL, NULL, 21, NULL, NULL),
(256, 6, 11, 18, 2, NULL, NULL, NULL, 26, NULL, NULL),
(257, 16, 4, 15, 4, NULL, NULL, NULL, 32, NULL, NULL),
(258, 9, 9, 19, 4, NULL, NULL, NULL, 23, NULL, NULL),
(259, 12, 4, 18, 4, NULL, NULL, NULL, 34, NULL, NULL),
(260, 20, 12, 19, 2, NULL, NULL, NULL, 25, NULL, NULL),
(261, 2, 8, 18, 2, NULL, NULL, NULL, 32, NULL, NULL),
(262, 10, 3, 18, 2, NULL, NULL, NULL, 29, NULL, NULL),
(263, 4, 9, 19, 4, NULL, NULL, NULL, 32, NULL, NULL),
(264, 11, 12, 20, 4, NULL, NULL, NULL, 24, NULL, NULL),
(265, 7, 11, 17, 2, NULL, NULL, NULL, 35, NULL, NULL),
(266, 17, 3, 15, 2, NULL, NULL, NULL, 22, NULL, NULL),
(267, 10, 5, 16, 4, NULL, NULL, NULL, 23, NULL, NULL),
(268, 4, 5, 20, 4, NULL, NULL, NULL, 35, NULL, NULL),
(269, 13, 12, 19, 4, NULL, NULL, NULL, 33, NULL, NULL),
(270, 18, 6, 17, 4, NULL, NULL, NULL, 28, NULL, NULL),
(271, 5, 2, 15, 4, NULL, NULL, NULL, 27, NULL, NULL),
(272, 17, 8, 18, 3, NULL, NULL, NULL, 29, NULL, NULL),
(273, 14, 9, 18, 2, NULL, NULL, NULL, 31, NULL, NULL),
(274, 11, 8, 17, 3, NULL, NULL, NULL, 30, NULL, NULL),
(275, 6, 10, 16, 3, NULL, NULL, NULL, 28, NULL, NULL),
(276, 1, 12, 20, 3, NULL, NULL, NULL, 21, NULL, NULL),
(277, 10, 9, 18, 3, NULL, NULL, NULL, 28, NULL, NULL),
(278, 4, 11, 19, 2, NULL, NULL, NULL, 34, NULL, NULL),
(279, 14, 10, 20, 4, NULL, NULL, NULL, 21, NULL, NULL),
(280, 15, 5, 15, 2, NULL, NULL, NULL, 26, NULL, NULL),
(281, 1, 10, 18, 3, NULL, NULL, NULL, 21, NULL, NULL),
(282, 5, 4, 18, 2, NULL, NULL, NULL, 35, NULL, NULL),
(283, 4, 9, 19, 2, NULL, NULL, NULL, 27, NULL, NULL),
(284, 5, 7, 20, 3, NULL, NULL, NULL, 32, NULL, NULL),
(285, 12, 5, 19, 3, NULL, NULL, NULL, 25, NULL, NULL),
(286, 9, 8, 17, 4, NULL, NULL, NULL, 34, NULL, NULL),
(287, 19, 4, 15, 4, NULL, NULL, NULL, 21, NULL, NULL),
(288, 9, 6, 17, 3, NULL, NULL, NULL, 28, NULL, NULL),
(289, 9, 10, 15, 3, NULL, NULL, NULL, 22, NULL, NULL),
(290, 8, 9, 16, 4, NULL, NULL, NULL, 35, NULL, NULL),
(291, 4, 3, 19, 2, NULL, NULL, NULL, 34, NULL, NULL),
(292, 2, 6, 15, 2, NULL, NULL, NULL, 24, NULL, NULL),
(293, 5, 7, 20, 4, NULL, NULL, NULL, 28, NULL, NULL),
(294, 12, 8, 17, 2, NULL, NULL, NULL, 35, NULL, NULL),
(295, 7, 5, 19, 3, NULL, NULL, NULL, 23, NULL, NULL),
(296, 2, 5, 16, 3, NULL, NULL, NULL, 24, NULL, NULL),
(297, 8, 9, 19, 3, NULL, NULL, NULL, 29, NULL, NULL),
(298, 8, 10, 17, 4, NULL, NULL, NULL, 29, NULL, NULL),
(299, 9, 3, 18, 2, NULL, NULL, NULL, 35, NULL, NULL),
(300, 20, 8, 17, 3, NULL, NULL, NULL, 24, NULL, NULL),
(301, 3, 7, 15, 2, NULL, NULL, NULL, 23, NULL, NULL),
(302, 11, 12, 19, 3, NULL, NULL, NULL, 33, NULL, NULL),
(303, 7, 8, 19, 3, NULL, NULL, NULL, 21, NULL, NULL),
(304, 2, 4, 16, 4, NULL, NULL, NULL, 30, NULL, NULL),
(305, 17, 3, 18, 2, NULL, NULL, NULL, 24, NULL, NULL),
(306, 9, 1, 17, 4, NULL, NULL, NULL, 26, NULL, NULL),
(307, 14, 8, 20, 4, NULL, NULL, NULL, 32, NULL, NULL),
(308, 3, 10, 19, 4, NULL, NULL, NULL, 33, NULL, NULL),
(309, 13, 2, 20, 3, NULL, NULL, NULL, 23, NULL, NULL),
(310, 5, 6, 17, 4, NULL, NULL, NULL, 24, NULL, NULL),
(311, 11, 8, 20, 4, NULL, NULL, NULL, 26, NULL, NULL),
(312, 17, 1, 20, 2, NULL, NULL, NULL, 27, NULL, NULL),
(313, 5, 10, 15, 3, NULL, NULL, NULL, 34, NULL, NULL),
(314, 13, 2, 20, 4, NULL, NULL, NULL, 22, NULL, NULL),
(315, 16, 9, 19, 4, NULL, NULL, NULL, 27, NULL, NULL),
(316, 12, 9, 17, 3, NULL, NULL, NULL, 26, NULL, NULL),
(317, 12, 7, 15, 4, NULL, NULL, NULL, 32, NULL, NULL),
(318, 3, 8, 17, 4, NULL, NULL, NULL, 32, NULL, NULL),
(319, 11, 3, 15, 2, NULL, NULL, NULL, 32, NULL, NULL),
(320, 8, 6, 15, 3, NULL, NULL, NULL, 34, NULL, NULL),
(321, 3, 4, 20, 2, NULL, NULL, NULL, 25, NULL, NULL),
(322, 7, 6, 16, 2, NULL, NULL, NULL, 26, NULL, NULL),
(323, 2, 10, 18, 2, NULL, NULL, NULL, 21, NULL, NULL),
(324, 11, 3, 17, 4, NULL, NULL, NULL, 23, NULL, NULL),
(325, 8, 5, 20, 4, NULL, NULL, NULL, 28, NULL, NULL),
(326, 7, 4, 17, 3, NULL, NULL, NULL, 30, NULL, NULL),
(327, 16, 10, 20, 3, NULL, NULL, NULL, 28, NULL, NULL),
(328, 3, 6, 17, 4, NULL, NULL, NULL, 30, NULL, NULL),
(329, 6, 3, 17, 3, NULL, NULL, NULL, 33, NULL, NULL),
(330, 17, 4, 17, 4, NULL, NULL, NULL, 22, NULL, NULL),
(331, 4, 10, 15, 4, NULL, NULL, NULL, 23, NULL, NULL),
(332, 4, 10, 15, 2, NULL, NULL, NULL, 24, NULL, NULL),
(333, 24, 3, 20, 2, NULL, NULL, NULL, 30, NULL, NULL),
(334, 33, 9, 15, 4, NULL, NULL, NULL, 24, NULL, NULL),
(335, 34, 8, 18, 2, NULL, NULL, NULL, 23, NULL, NULL),
(336, 30, 5, 18, 3, NULL, NULL, NULL, 27, NULL, NULL),
(337, 36, 2, 20, 2, NULL, NULL, NULL, 30, NULL, NULL),
(338, 36, 9, 17, 3, NULL, NULL, NULL, 34, NULL, NULL),
(339, 24, 5, 17, 2, NULL, NULL, NULL, 34, NULL, NULL),
(340, 26, 10, 16, 4, NULL, NULL, NULL, 34, NULL, NULL),
(341, 28, 1, 16, 4, NULL, NULL, NULL, 32, NULL, NULL),
(342, 26, 2, 20, 4, NULL, NULL, NULL, 35, NULL, NULL),
(343, 24, 8, 15, 2, NULL, NULL, NULL, 32, NULL, NULL),
(344, 36, 3, 16, 4, NULL, NULL, NULL, 23, NULL, NULL),
(345, 36, 10, 18, 2, NULL, NULL, NULL, 25, NULL, NULL),
(346, 25, 4, 16, 2, NULL, NULL, NULL, 25, NULL, NULL),
(347, 22, 1, 17, 2, NULL, NULL, NULL, 24, NULL, NULL),
(348, 27, 12, 18, 2, NULL, NULL, NULL, 22, NULL, NULL),
(349, 22, 10, 20, 3, NULL, NULL, NULL, 26, NULL, NULL),
(350, 28, 12, 17, 4, NULL, NULL, NULL, 25, NULL, NULL),
(351, 36, 8, 18, 3, NULL, NULL, NULL, 32, NULL, NULL),
(352, 34, 10, 18, 4, NULL, NULL, NULL, 22, NULL, NULL),
(353, 26, 2, 17, 4, NULL, NULL, NULL, 22, NULL, NULL),
(354, 27, 11, 17, 3, NULL, NULL, NULL, 23, NULL, NULL),
(355, 35, 1, 15, 2, NULL, NULL, NULL, 23, NULL, NULL),
(356, 35, 7, 15, 2, NULL, NULL, NULL, 31, NULL, NULL),
(357, 37, 9, 16, 2, NULL, NULL, NULL, 30, NULL, NULL),
(358, 23, 3, 16, 2, NULL, NULL, NULL, 29, NULL, NULL),
(359, 32, 8, 17, 3, NULL, NULL, NULL, 32, NULL, NULL),
(360, 22, 5, 19, 4, NULL, NULL, NULL, 23, NULL, NULL),
(361, 31, 5, 19, 4, NULL, NULL, NULL, 31, NULL, NULL),
(362, 25, 3, 15, 3, NULL, NULL, NULL, 30, NULL, NULL),
(363, 37, 3, 18, 2, NULL, NULL, NULL, 25, NULL, NULL),
(364, 28, 4, 16, 2, NULL, NULL, NULL, 34, NULL, NULL),
(365, 36, 8, 20, 2, NULL, NULL, NULL, 29, NULL, NULL),
(366, 24, 7, 18, 4, NULL, NULL, NULL, 30, NULL, NULL),
(367, 29, 9, 16, 3, NULL, NULL, NULL, 29, NULL, NULL),
(368, 25, 2, 17, 4, NULL, NULL, NULL, 27, NULL, NULL),
(369, 30, 3, 18, 3, NULL, NULL, NULL, 29, NULL, NULL),
(370, 31, 1, 18, 3, NULL, NULL, NULL, 24, NULL, NULL),
(371, 35, 5, 18, 4, NULL, NULL, NULL, 26, NULL, NULL),
(372, 36, 9, 15, 3, NULL, NULL, NULL, 31, NULL, NULL),
(373, 32, 12, 20, 2, NULL, NULL, NULL, 29, NULL, NULL),
(374, 34, 4, 16, 4, NULL, NULL, NULL, 31, NULL, NULL),
(375, 34, 11, 17, 4, NULL, NULL, NULL, 28, NULL, NULL),
(376, 28, 11, 19, 4, NULL, NULL, NULL, 28, NULL, NULL),
(377, 29, 5, 16, 3, NULL, NULL, NULL, 22, NULL, NULL),
(378, 23, 9, 19, 3, NULL, NULL, NULL, 25, NULL, NULL),
(379, 34, 1, 18, 4, NULL, NULL, NULL, 25, NULL, NULL),
(380, 29, 10, 19, 3, NULL, NULL, NULL, 32, NULL, NULL),
(381, 21, 4, 17, 4, NULL, NULL, NULL, 27, NULL, NULL),
(382, 32, 5, 17, 3, NULL, NULL, NULL, 26, NULL, NULL),
(383, 24, 1, 15, 2, NULL, NULL, NULL, 21, NULL, NULL),
(384, 33, 2, 15, 4, NULL, NULL, NULL, 32, NULL, NULL),
(385, 30, 5, 17, 3, NULL, NULL, NULL, 33, NULL, NULL),
(386, 29, 7, 17, 3, NULL, NULL, NULL, 22, NULL, NULL),
(387, 36, 8, 18, 3, NULL, NULL, NULL, 29, NULL, NULL),
(388, 31, 12, 19, 3, NULL, NULL, NULL, 32, NULL, NULL),
(389, 37, 9, 20, 3, NULL, NULL, NULL, 28, NULL, NULL),
(390, 22, 2, 18, 4, NULL, NULL, NULL, 26, NULL, NULL),
(391, 29, 10, 17, 4, NULL, NULL, NULL, 34, NULL, NULL),
(392, 30, 6, 15, 4, NULL, NULL, NULL, 22, NULL, NULL),
(393, 33, 9, 15, 3, NULL, NULL, NULL, 31, NULL, NULL),
(394, 27, 1, 18, 3, NULL, NULL, NULL, 28, NULL, NULL),
(395, 35, 11, 16, 3, NULL, NULL, NULL, 24, NULL, NULL),
(396, 33, 6, 19, 2, NULL, NULL, NULL, 26, NULL, NULL),
(397, 34, 10, 20, 2, NULL, NULL, NULL, 26, NULL, NULL),
(398, 26, 11, 15, 4, NULL, NULL, NULL, 22, NULL, NULL),
(399, 21, 4, 16, 2, NULL, NULL, NULL, 27, NULL, NULL),
(400, 37, 5, 16, 3, NULL, NULL, NULL, 35, NULL, NULL),
(401, 37, 2, 17, 3, NULL, NULL, NULL, 31, NULL, NULL),
(402, 28, 1, 20, 4, NULL, NULL, NULL, 35, NULL, NULL),
(403, 26, 10, 20, 2, NULL, NULL, NULL, 21, NULL, NULL),
(404, 37, 1, 17, 4, NULL, NULL, NULL, 31, NULL, NULL),
(405, 25, 8, 20, 4, NULL, NULL, NULL, 31, NULL, NULL),
(406, 30, 12, 18, 2, NULL, NULL, NULL, 26, NULL, NULL),
(407, 26, 11, 15, 2, NULL, NULL, NULL, 22, NULL, NULL),
(408, 33, 3, 20, 2, NULL, NULL, NULL, 34, NULL, NULL),
(409, 22, 2, 16, 4, NULL, NULL, NULL, 23, NULL, NULL),
(410, 23, 4, 17, 4, NULL, NULL, NULL, 27, NULL, NULL),
(411, 22, 10, 17, 3, NULL, NULL, NULL, 24, NULL, NULL),
(412, 22, 9, 17, 4, NULL, NULL, NULL, 22, NULL, NULL),
(413, 36, 8, 19, 2, NULL, NULL, NULL, 34, NULL, NULL),
(414, 31, 11, 15, 4, NULL, NULL, NULL, 31, NULL, NULL),
(415, 25, 11, 20, 3, NULL, NULL, NULL, 30, NULL, NULL),
(416, 21, 10, 19, 3, NULL, NULL, NULL, 21, NULL, NULL),
(417, 35, 10, 17, 3, NULL, NULL, NULL, 35, NULL, NULL),
(418, 36, 8, 20, 2, NULL, NULL, NULL, 21, NULL, NULL),
(419, 25, 5, 18, 4, NULL, NULL, NULL, 21, NULL, NULL),
(420, 27, 1, 20, 4, NULL, NULL, NULL, 28, NULL, NULL),
(421, 29, 11, 18, 2, NULL, NULL, NULL, 35, NULL, NULL),
(422, 35, 8, 20, 2, NULL, NULL, NULL, 32, NULL, NULL),
(423, 34, 9, 17, 2, NULL, NULL, NULL, 30, NULL, NULL),
(424, 30, 3, 18, 3, NULL, NULL, NULL, 30, NULL, NULL),
(425, 28, 4, 17, 4, NULL, NULL, NULL, 21, NULL, NULL),
(426, 24, 4, 15, 3, NULL, NULL, NULL, 26, NULL, NULL),
(427, 34, 9, 20, 3, NULL, NULL, NULL, 27, NULL, NULL),
(428, 35, 10, 18, 4, NULL, NULL, NULL, 31, NULL, NULL),
(429, 33, 3, 18, 3, NULL, NULL, NULL, 30, NULL, NULL),
(430, 21, 10, 18, 3, NULL, NULL, NULL, 35, NULL, NULL),
(431, 30, 5, 20, 4, NULL, NULL, NULL, 23, NULL, NULL),
(432, 29, 8, 16, 2, NULL, NULL, NULL, 26, NULL, NULL),
(433, 22, 5, 15, 2, NULL, NULL, NULL, 35, NULL, NULL),
(434, 31, 5, 19, 2, NULL, NULL, NULL, 24, NULL, NULL),
(435, 24, 9, 16, 2, NULL, NULL, NULL, 31, NULL, NULL),
(436, 34, 9, 17, 2, NULL, NULL, NULL, 34, NULL, NULL),
(437, 34, 3, 20, 4, NULL, NULL, NULL, 22, NULL, NULL),
(438, 33, 3, 15, 4, NULL, NULL, NULL, 25, NULL, NULL),
(439, 33, 2, 18, 4, NULL, NULL, NULL, 31, NULL, NULL),
(440, 26, 7, 19, 3, NULL, NULL, NULL, 22, NULL, NULL),
(441, 22, 5, 15, 4, NULL, NULL, NULL, 25, NULL, NULL),
(442, 23, 2, 16, 4, NULL, NULL, NULL, 26, NULL, NULL),
(443, 29, 12, 17, 2, NULL, NULL, NULL, 27, NULL, NULL),
(444, 34, 9, 19, 3, NULL, NULL, NULL, 24, NULL, NULL),
(445, 35, 3, 16, 4, NULL, NULL, NULL, 25, NULL, NULL),
(446, 33, 9, 17, 2, NULL, NULL, NULL, 21, NULL, NULL),
(447, 35, 8, 19, 2, NULL, NULL, NULL, 35, NULL, NULL),
(448, 37, 10, 18, 4, NULL, NULL, NULL, 28, NULL, NULL),
(449, 30, 9, 18, 2, NULL, NULL, NULL, 31, NULL, NULL),
(450, 23, 9, 17, 2, NULL, NULL, NULL, 29, NULL, NULL),
(451, 29, 12, 17, 2, NULL, NULL, NULL, 25, NULL, NULL),
(452, 37, 9, 16, 2, NULL, NULL, NULL, 29, NULL, NULL),
(453, 26, 2, 17, 2, NULL, NULL, NULL, 31, NULL, NULL),
(454, 26, 3, 18, 4, NULL, NULL, NULL, 35, NULL, NULL),
(455, 22, 1, 20, 4, NULL, NULL, NULL, 24, NULL, NULL),
(456, 25, 10, 17, 4, NULL, NULL, NULL, 34, NULL, NULL),
(457, 27, 9, 19, 3, NULL, NULL, NULL, 25, NULL, NULL),
(458, 25, 3, 20, 4, NULL, NULL, NULL, 33, NULL, NULL),
(459, 22, 5, 20, 4, NULL, NULL, NULL, 32, NULL, NULL),
(460, 34, 8, 15, 3, NULL, NULL, NULL, 26, NULL, NULL),
(461, 23, 9, 20, 4, NULL, NULL, NULL, 22, NULL, NULL),
(462, 25, 12, 15, 3, NULL, NULL, NULL, 34, NULL, NULL),
(463, 37, 9, 17, 3, NULL, NULL, NULL, 21, NULL, NULL),
(464, 21, 9, 20, 3, NULL, NULL, NULL, 31, NULL, NULL),
(465, 35, 11, 15, 3, NULL, NULL, NULL, 33, NULL, NULL),
(466, 27, 10, 19, 2, NULL, NULL, NULL, 28, NULL, NULL),
(467, 36, 8, 19, 3, NULL, NULL, NULL, 28, NULL, NULL),
(468, 37, 2, 17, 4, NULL, NULL, NULL, 28, NULL, NULL),
(469, 32, 9, 17, 3, NULL, NULL, NULL, 23, NULL, NULL),
(470, 22, 12, 15, 2, NULL, NULL, NULL, 32, NULL, NULL),
(471, 25, 5, 16, 4, NULL, NULL, NULL, 21, NULL, NULL),
(472, 35, 6, 15, 4, NULL, NULL, NULL, 34, NULL, NULL),
(473, 31, 12, 16, 3, NULL, NULL, NULL, 31, NULL, NULL),
(474, 26, 3, 17, 4, NULL, NULL, NULL, 28, NULL, NULL),
(475, 35, 11, 16, 3, NULL, NULL, NULL, 22, NULL, NULL),
(476, 32, 3, 15, 4, NULL, NULL, NULL, 34, NULL, NULL),
(477, 36, 5, 19, 3, NULL, NULL, NULL, 30, NULL, NULL),
(478, 29, 9, 16, 4, NULL, NULL, NULL, 24, NULL, NULL),
(479, 31, 6, 17, 3, NULL, NULL, NULL, 27, NULL, NULL),
(480, 22, 11, 20, 2, NULL, NULL, NULL, 23, NULL, NULL),
(481, 34, 9, 18, 3, NULL, NULL, NULL, 31, NULL, NULL),
(482, 27, 9, 19, 3, NULL, NULL, NULL, 25, NULL, NULL),
(483, 28, 8, 20, 2, NULL, NULL, NULL, 34, NULL, NULL),
(484, 31, 1, 19, 2, NULL, NULL, NULL, 25, NULL, NULL),
(485, 32, 8, 15, 2, NULL, NULL, NULL, 31, NULL, NULL),
(486, 27, 7, 16, 4, NULL, NULL, NULL, 27, NULL, NULL),
(487, 33, 9, 17, 3, NULL, NULL, NULL, 28, NULL, NULL),
(488, 32, 4, 18, 4, NULL, NULL, NULL, 32, NULL, NULL),
(489, 34, 7, 15, 3, NULL, NULL, NULL, 30, NULL, NULL),
(490, 29, 9, 20, 4, NULL, NULL, NULL, 22, NULL, NULL),
(491, 27, 6, 15, 4, NULL, NULL, NULL, 27, NULL, NULL),
(492, 21, 11, 19, 3, NULL, NULL, NULL, 34, NULL, NULL),
(493, 33, 10, 18, 3, NULL, NULL, NULL, 32, NULL, NULL),
(494, 34, 11, 18, 4, NULL, NULL, NULL, 30, NULL, NULL),
(495, 23, 3, 16, 3, NULL, NULL, NULL, 28, NULL, NULL),
(496, 25, 1, 17, 2, NULL, NULL, NULL, 27, NULL, NULL),
(497, 36, 9, 17, 2, NULL, NULL, NULL, 27, NULL, NULL),
(498, 31, 9, 15, 3, NULL, NULL, NULL, 21, NULL, NULL),
(499, 30, 3, 16, 3, NULL, NULL, NULL, 34, NULL, NULL),
(500, 32, 6, 16, 4, NULL, NULL, NULL, 22, NULL, NULL),
(501, 22, 10, 16, 4, NULL, NULL, NULL, 22, NULL, NULL),
(502, 23, 12, 19, 3, NULL, NULL, NULL, 32, NULL, NULL),
(503, 34, 2, 19, 4, NULL, NULL, NULL, 22, NULL, NULL),
(504, 35, 5, 18, 2, NULL, NULL, NULL, 32, NULL, NULL),
(505, 21, 2, 16, 3, NULL, NULL, NULL, 24, NULL, NULL),
(506, 23, 12, 17, 4, NULL, NULL, NULL, 32, NULL, NULL),
(507, 31, 6, 20, 2, NULL, NULL, NULL, 34, NULL, NULL),
(508, 35, 11, 15, 3, NULL, NULL, NULL, 28, NULL, NULL),
(509, 25, 1, 15, 4, NULL, NULL, NULL, 33, NULL, NULL),
(510, 28, 6, 19, 2, NULL, NULL, NULL, 21, NULL, NULL),
(511, 25, 8, 15, 2, NULL, NULL, NULL, 21, NULL, NULL),
(512, 31, 2, 17, 4, NULL, NULL, NULL, 32, NULL, NULL),
(513, 24, 2, 19, 2, NULL, NULL, NULL, 21, NULL, NULL),
(514, 36, 7, 16, 4, NULL, NULL, NULL, 30, NULL, NULL),
(515, 29, 9, 20, 4, NULL, NULL, NULL, 33, NULL, NULL),
(516, 27, 12, 20, 3, NULL, NULL, NULL, 25, NULL, NULL),
(517, 26, 11, 16, 2, NULL, NULL, NULL, 24, NULL, NULL),
(518, 23, 8, 20, 3, NULL, NULL, NULL, 23, NULL, NULL),
(519, 34, 2, 19, 4, NULL, NULL, NULL, 25, NULL, NULL),
(520, 31, 11, 19, 3, NULL, NULL, NULL, 35, NULL, NULL),
(521, 24, 7, 19, 4, NULL, NULL, NULL, 29, NULL, NULL),
(522, 28, 5, 20, 2, NULL, NULL, NULL, 21, NULL, NULL),
(523, 32, 10, 20, 2, NULL, NULL, NULL, 23, NULL, NULL),
(524, 23, 11, 20, 2, NULL, NULL, NULL, 35, NULL, NULL),
(525, 24, 9, 16, 4, NULL, NULL, NULL, 32, NULL, NULL),
(526, 33, 10, 18, 3, NULL, NULL, NULL, 27, NULL, NULL),
(527, 29, 6, 15, 3, NULL, NULL, NULL, 26, NULL, NULL),
(528, 29, 12, 15, 4, NULL, NULL, NULL, 32, NULL, NULL),
(529, 36, 10, 17, 4, NULL, NULL, NULL, 29, NULL, NULL),
(530, 23, 10, 15, 3, NULL, NULL, NULL, 27, NULL, NULL),
(531, 34, 12, 18, 4, NULL, NULL, NULL, 26, NULL, NULL),
(532, 24, 10, 18, 3, NULL, NULL, NULL, 32, NULL, NULL),
(533, 25, 9, 20, 2, NULL, NULL, NULL, 23, NULL, NULL),
(534, 30, 11, 20, 4, NULL, NULL, NULL, 29, NULL, NULL),
(535, 26, 3, 15, 3, NULL, NULL, NULL, 33, NULL, NULL),
(536, 25, 7, 16, 4, NULL, NULL, NULL, 25, NULL, NULL),
(537, 22, 3, 15, 4, NULL, NULL, NULL, 24, NULL, NULL),
(538, 26, 11, 19, 2, NULL, NULL, NULL, 27, NULL, NULL),
(539, 21, 3, 18, 2, NULL, NULL, NULL, 24, NULL, NULL),
(540, 34, 12, 16, 2, NULL, NULL, NULL, 32, NULL, NULL),
(541, 23, 12, 16, 2, NULL, NULL, NULL, 33, NULL, NULL),
(542, 28, 4, 16, 2, NULL, NULL, NULL, 32, NULL, NULL),
(543, 32, 2, 17, 3, NULL, NULL, NULL, 31, NULL, NULL),
(544, 35, 5, 18, 3, NULL, NULL, NULL, 25, NULL, NULL),
(545, 27, 4, 16, 4, NULL, NULL, NULL, 31, NULL, NULL),
(546, 32, 10, 20, 4, NULL, NULL, NULL, 24, NULL, NULL),
(547, 28, 2, 18, 4, NULL, NULL, NULL, 34, NULL, NULL),
(548, 27, 4, 17, 3, NULL, NULL, NULL, 24, NULL, NULL),
(549, 36, 8, 18, 3, NULL, NULL, NULL, 35, NULL, NULL),
(550, 21, 4, 19, 2, NULL, NULL, NULL, 22, NULL, NULL),
(551, 28, 12, 20, 2, NULL, NULL, NULL, 35, NULL, NULL),
(552, 34, 10, 20, 2, NULL, NULL, NULL, 35, NULL, NULL),
(553, 23, 3, 20, 2, NULL, NULL, NULL, 21, NULL, NULL),
(554, 25, 7, 18, 3, NULL, NULL, NULL, 27, NULL, NULL),
(555, 30, 4, 17, 2, NULL, NULL, NULL, 24, NULL, NULL),
(556, 33, 2, 18, 2, NULL, NULL, NULL, 28, NULL, NULL),
(557, 31, 7, 19, 4, NULL, NULL, NULL, 32, NULL, NULL),
(558, 27, 12, 20, 2, NULL, NULL, NULL, 24, NULL, NULL),
(559, 28, 7, 17, 2, NULL, NULL, NULL, 28, NULL, NULL),
(560, 35, 5, 19, 4, NULL, NULL, NULL, 29, NULL, NULL),
(561, 31, 12, 20, 4, NULL, NULL, NULL, 31, NULL, NULL),
(562, 22, 2, 19, 4, NULL, NULL, NULL, 22, NULL, NULL),
(563, 25, 10, 16, 2, NULL, NULL, NULL, 26, NULL, NULL),
(564, 27, 7, 18, 3, NULL, NULL, NULL, 33, NULL, NULL),
(565, 31, 7, 15, 2, NULL, NULL, NULL, 34, NULL, NULL),
(566, 28, 8, 15, 4, NULL, NULL, NULL, 30, NULL, NULL),
(567, 26, 8, 19, 3, NULL, NULL, NULL, 27, NULL, NULL),
(568, 34, 2, 20, 2, NULL, NULL, NULL, 24, NULL, NULL),
(569, 36, 8, 15, 4, NULL, NULL, NULL, 28, NULL, NULL),
(570, 24, 5, 18, 2, NULL, NULL, NULL, 26, NULL, NULL),
(571, 22, 6, 16, 4, NULL, NULL, NULL, 23, NULL, NULL),
(572, 32, 3, 15, 4, NULL, NULL, NULL, 28, NULL, NULL),
(573, 29, 10, 16, 3, NULL, NULL, NULL, 34, NULL, NULL),
(574, 25, 11, 17, 3, NULL, NULL, NULL, 33, NULL, NULL),
(575, 21, 12, 18, 4, NULL, NULL, NULL, 27, NULL, NULL),
(576, 23, 4, 19, 4, NULL, NULL, NULL, 33, NULL, NULL),
(577, 32, 2, 17, 2, NULL, NULL, NULL, 29, NULL, NULL),
(578, 29, 1, 19, 4, NULL, NULL, NULL, 22, NULL, NULL),
(579, 21, 2, 18, 4, NULL, NULL, NULL, 24, NULL, NULL),
(580, 33, 5, 15, 4, NULL, NULL, NULL, 22, NULL, NULL),
(581, 28, 9, 20, 4, NULL, NULL, NULL, 30, NULL, NULL),
(582, 34, 12, 18, 4, NULL, NULL, NULL, 28, NULL, NULL),
(583, 29, 8, 19, 3, NULL, NULL, NULL, 28, NULL, NULL),
(584, 33, 12, 20, 2, NULL, NULL, NULL, 30, NULL, NULL),
(585, 21, 9, 18, 2, NULL, NULL, NULL, 31, NULL, NULL),
(586, 24, 1, 19, 3, NULL, NULL, NULL, 30, NULL, NULL),
(587, 28, 9, 17, 3, NULL, NULL, NULL, 25, NULL, NULL),
(588, 22, 4, 16, 3, NULL, NULL, NULL, 25, NULL, NULL),
(589, 26, 12, 20, 3, NULL, NULL, NULL, 29, NULL, NULL),
(590, 35, 12, 19, 4, NULL, NULL, NULL, 31, NULL, NULL),
(591, 24, 11, 15, 3, NULL, NULL, NULL, 26, NULL, NULL),
(592, 28, 11, 16, 4, NULL, NULL, NULL, 30, NULL, NULL),
(593, 30, 7, 20, 2, NULL, NULL, NULL, 32, NULL, NULL),
(594, 28, 1, 19, 3, NULL, NULL, NULL, 23, NULL, NULL),
(595, 28, 9, 20, 2, NULL, NULL, NULL, 27, NULL, NULL),
(596, 28, 2, 15, 3, NULL, NULL, NULL, 34, NULL, NULL),
(597, 30, 6, 15, 3, NULL, NULL, NULL, 23, NULL, NULL),
(598, 34, 6, 16, 3, NULL, NULL, NULL, 22, NULL, NULL),
(599, 26, 11, 19, 2, NULL, NULL, NULL, 28, NULL, NULL),
(600, 22, 4, 16, 2, NULL, NULL, NULL, 31, NULL, NULL),
(601, 22, 9, 15, 4, NULL, NULL, NULL, 28, NULL, NULL),
(602, 27, 8, 20, 4, NULL, NULL, NULL, 25, NULL, NULL),
(603, 36, 12, 17, 2, NULL, NULL, NULL, 24, NULL, NULL),
(604, 27, 3, 17, 4, NULL, NULL, NULL, 26, NULL, NULL),
(605, 33, 12, 16, 3, NULL, NULL, NULL, 25, NULL, NULL),
(606, 21, 1, 18, 4, NULL, NULL, NULL, 28, NULL, NULL),
(607, 27, 3, 20, 3, NULL, NULL, NULL, 30, NULL, NULL),
(608, 28, 9, 15, 2, NULL, NULL, NULL, 29, NULL, NULL),
(609, 25, 10, 15, 4, NULL, NULL, NULL, 35, NULL, NULL),
(610, 33, 8, 19, 2, NULL, NULL, NULL, 28, NULL, NULL),
(611, 23, 6, 20, 4, NULL, NULL, NULL, 34, NULL, NULL),
(612, 21, 4, 17, 3, NULL, NULL, NULL, 35, NULL, NULL),
(613, 23, 3, 20, 3, NULL, NULL, NULL, 30, NULL, NULL),
(614, 31, 9, 16, 3, NULL, NULL, NULL, 21, NULL, NULL),
(615, 25, 4, 18, 4, NULL, NULL, NULL, 24, NULL, NULL),
(616, 26, 11, 17, 4, NULL, NULL, NULL, 33, NULL, NULL),
(617, 32, 8, 19, 4, NULL, NULL, NULL, 30, NULL, NULL),
(618, 27, 11, 15, 2, NULL, NULL, NULL, 22, NULL, NULL),
(619, 35, 7, 19, 3, NULL, NULL, NULL, 35, NULL, NULL),
(620, 28, 8, 19, 3, NULL, NULL, NULL, 22, NULL, NULL),
(621, 29, 6, 19, 3, NULL, NULL, NULL, 29, NULL, NULL),
(622, 33, 2, 17, 4, NULL, NULL, NULL, 22, NULL, NULL),
(623, 36, 1, 17, 3, NULL, NULL, NULL, 28, NULL, NULL),
(624, 29, 9, 17, 3, NULL, NULL, NULL, 29, NULL, NULL),
(625, 33, 12, 19, 4, NULL, NULL, NULL, 35, NULL, NULL),
(626, 25, 6, 16, 3, NULL, NULL, NULL, 28, NULL, NULL),
(627, 24, 5, 15, 4, NULL, NULL, NULL, 33, NULL, NULL),
(628, 36, 9, 15, 3, NULL, NULL, NULL, 33, NULL, NULL),
(629, 26, 8, 20, 2, NULL, NULL, NULL, 34, NULL, NULL),
(630, 38, 7, 1, 2, NULL, NULL, NULL, 23, NULL, NULL),
(631, 38, 8, 1, 2, NULL, NULL, NULL, 23, NULL, NULL),
(632, 38, 9, 2, 1, NULL, NULL, NULL, 23, NULL, NULL),
(633, 38, 10, 2, 1, NULL, NULL, NULL, 23, NULL, NULL),
(634, 38, 11, 2, 3, NULL, NULL, NULL, 23, NULL, NULL),
(635, 39, 7, 4, 5, NULL, NULL, NULL, 23, NULL, NULL),
(636, 39, 8, 2, 5, NULL, NULL, NULL, 23, NULL, NULL),
(637, 39, 9, 2, 5, NULL, NULL, NULL, 23, NULL, NULL),
(638, 39, 10, 2, 5, NULL, NULL, NULL, 23, NULL, NULL),
(639, 39, 11, 2, 5, NULL, NULL, NULL, 23, NULL, NULL),
(640, 40, 7, 43, 4, NULL, NULL, NULL, 23, NULL, NULL),
(641, 40, 8, 4, 4, NULL, NULL, NULL, 23, NULL, NULL),
(642, 40, 9, 4, 4, NULL, NULL, NULL, 23, NULL, NULL),
(643, 40, 10, 4, 4, NULL, NULL, NULL, 23, NULL, NULL),
(644, 40, 11, 4, 42, NULL, NULL, NULL, 23, NULL, NULL),
(645, 41, 7, 6, 6, NULL, NULL, NULL, 23, NULL, NULL),
(646, 41, 8, 6, 6, NULL, NULL, NULL, 23, NULL, NULL),
(647, 41, 9, 6, 6, NULL, NULL, NULL, 23, NULL, NULL),
(648, 41, 10, 6, 66, NULL, NULL, NULL, 23, NULL, NULL),
(649, 41, 11, 6, 6, NULL, NULL, NULL, 23, NULL, NULL),
(650, 42, 7, 44, 0, NULL, NULL, NULL, 23, NULL, NULL),
(651, 42, 8, 44, 4, NULL, NULL, NULL, 23, NULL, NULL),
(652, 42, 9, 4, 4, NULL, NULL, NULL, 23, NULL, NULL),
(653, 42, 10, 4, 4, NULL, NULL, NULL, 23, NULL, NULL),
(654, 42, 11, 4, 4, NULL, NULL, NULL, 23, NULL, NULL),
(655, 43, 7, 44, 0, NULL, NULL, NULL, 23, NULL, NULL),
(656, 43, 8, 44, 4, NULL, NULL, NULL, 23, NULL, NULL),
(657, 43, 9, 4, 4, NULL, NULL, NULL, 23, NULL, NULL),
(658, 43, 10, 4, 4, NULL, NULL, NULL, 23, NULL, NULL),
(659, 43, 11, 4, 4, NULL, NULL, NULL, 23, NULL, NULL),
(660, 44, 7, 54, 54, NULL, NULL, NULL, 23, NULL, NULL),
(661, 44, 8, 54, 54, NULL, NULL, NULL, 23, NULL, NULL),
(662, 44, 9, 54, 54, NULL, NULL, NULL, 23, NULL, NULL),
(663, 44, 10, 0, 54, NULL, NULL, NULL, 23, NULL, NULL),
(664, 44, 11, 54, 54, NULL, NULL, NULL, 23, NULL, NULL),
(665, 45, 7, 3, 45, NULL, NULL, NULL, 23, NULL, NULL),
(666, 45, 8, 43, 45, NULL, NULL, NULL, 23, NULL, NULL),
(667, 45, 9, 45, 54, NULL, NULL, NULL, 23, NULL, NULL),
(668, 45, 10, 4, 4, NULL, NULL, NULL, 23, NULL, NULL),
(669, 45, 11, 45, 54, NULL, NULL, NULL, 23, NULL, NULL);

-- --------------------------------------------------------

--
-- Table structure for table `password_resets`
--

CREATE TABLE `password_resets` (
  `email` varchar(191) COLLATE utf8mb4_unicode_ci NOT NULL,
  `token` varchar(191) COLLATE utf8mb4_unicode_ci NOT NULL,
  `created_at` timestamp NULL DEFAULT NULL
) ENGINE=InnoDB DEFAULT CHARSET=utf8mb4 COLLATE=utf8mb4_unicode_ci;

--
-- Dumping data for table `password_resets`
--

INSERT INTO `password_resets` (`email`, `token`, `created_at`) VALUES
('himanshu.alternate808@gmail.com', '$2y$10$3cekZLy8S3hbTk6OoZQXXelqKAvVc3ddfBFhQtEYxNn3bLo.Btby2', '2018-10-25 16:15:52');

-- --------------------------------------------------------

--
-- Table structure for table `subjects`
--

CREATE TABLE `subjects` (
  `id` int(10) UNSIGNED NOT NULL,
  `user_id` int(10) UNSIGNED NOT NULL,
  `classes_id` int(10) UNSIGNED NOT NULL,
  `course_code` varchar(191) COLLATE utf8mb4_unicode_ci NOT NULL,
  `name` varchar(191) COLLATE utf8mb4_unicode_ci NOT NULL,
  `total_hours` int(11) NOT NULL DEFAULT '0',
  `total_practicals` int(11) NOT NULL DEFAULT '0',
  `total_tutorials` int(11) NOT NULL DEFAULT '0',
  `total_assignments` int(11) NOT NULL DEFAULT '0',
  `created_at` timestamp NULL DEFAULT NULL,
  `updated_at` timestamp NULL DEFAULT NULL,
  `deleted_at` timestamp NULL DEFAULT NULL,
  `created_by` int(10) UNSIGNED NOT NULL,
  `updated_by` int(10) UNSIGNED DEFAULT NULL,
  `deleted_by` int(10) UNSIGNED DEFAULT NULL,
  `status` tinyint(4) NOT NULL DEFAULT '1'
) ENGINE=InnoDB DEFAULT CHARSET=utf8mb4 COLLATE=utf8mb4_unicode_ci;

--
-- Dumping data for table `subjects`
--

INSERT INTO `subjects` (`id`, `user_id`, `classes_id`, `course_code`, `name`, `total_hours`, `total_practicals`, `total_tutorials`, `total_assignments`, `created_at`, `updated_at`, `deleted_at`, `created_by`, `updated_by`, `deleted_by`, `status`) VALUES
(1, 33, 15, 'rem', 'sit', 6, 7, 4, 2, '2018-10-21 05:35:24', '2018-10-21 05:35:24', NULL, 32, 28, 24, 0),
(2, 35, 15, 'consequatur', 'qui', 12, 8, 7, 2, '2018-10-21 05:35:24', '2018-10-21 05:35:24', NULL, 33, 21, 22, 1),
(3, 26, 15, 'id', 'voluptas', 7, 9, 7, 2, '2018-10-21 05:35:24', '2018-10-21 05:35:24', NULL, 35, 27, 21, 1),
(4, 25, 15, 'deserunt', 'architecto', 6, 7, 6, 1, '2018-10-21 05:35:24', '2018-10-21 05:35:24', NULL, 26, 27, 33, 1),
(5, 35, 15, 'inventore', 'dolorem', 12, 10, 5, 1, '2018-10-21 05:35:24', '2018-10-21 05:35:24', NULL, 21, 30, 29, 1),
(6, 25, 9, 'illum', 'molestias', 8, 8, 4, 2, '2018-10-21 05:35:24', '2018-10-21 05:35:24', NULL, 23, 35, 23, 1),
(7, 23, 12, 'eaque', 'nemo', 9, 12, 6, 2, '2018-10-21 05:35:24', '2018-10-21 05:35:24', NULL, 29, 24, 34, 1),
(8, 32, 13, 'at', 'sapiente', 9, 11, 3, 1, '2018-10-21 05:35:24', '2018-10-21 05:35:24', NULL, 27, 24, 34, 1),
(9, 21, 1, 'sit', 'ad', 8, 8, 4, 1, '2018-10-21 05:35:24', '2018-10-21 05:35:24', NULL, 28, 30, 28, 1),
(10, 22, 4, 'quis', 'assumenda', 11, 11, 4, 2, '2018-10-21 05:35:24', '2018-10-21 05:35:24', NULL, 25, 28, 34, 1),
(11, 31, 5, 'ipsum', 'iure', 9, 7, 5, 1, '2018-10-21 05:35:24', '2018-10-21 05:35:24', NULL, 27, 23, 28, 1),
(12, 28, 10, 'veritatis', 'ea', 10, 8, 2, 2, '2018-10-21 05:35:24', '2018-10-21 05:35:24', NULL, 24, 31, 26, 1),
(13, 25, 9, 'et', 'voluptate', 9, 7, 5, 2, '2018-10-21 05:35:24', '2018-10-21 05:35:24', NULL, 26, 33, 26, 1),
(14, 34, 11, 'reprehenderit', 'aut', 7, 7, 4, 2, '2018-10-21 05:35:24', '2018-10-21 05:35:24', NULL, 35, 24, 32, 1),
(15, 33, 12, 'reiciendis', 'suscipit', 10, 7, 3, 2, '2018-10-21 05:35:24', '2018-10-21 05:35:24', NULL, 33, 25, 25, 1),
(16, 30, 9, 'corporis', 'cum', 8, 8, 5, 2, '2018-10-21 05:35:24', '2018-10-21 05:35:24', NULL, 27, 35, 22, 1),
(17, 28, 6, 'quod', 'nihil', 10, 9, 6, 2, '2018-10-21 05:35:24', '2018-10-21 05:35:24', NULL, 22, 23, 31, 1),
(18, 28, 9, 'sed', 'saepe', 8, 10, 4, 1, '2018-10-21 05:35:24', '2018-10-21 05:35:24', NULL, 32, 33, 32, 1),
(19, 32, 9, 'accusantium', 'quo', 8, 11, 5, 2, '2018-10-21 05:35:24', '2018-10-21 05:35:24', NULL, 33, 27, 25, 1),
(20, 31, 14, 'labore', 'quos', 12, 10, 3, 1, '2018-10-21 05:35:24', '2018-10-21 05:35:24', NULL, 27, 30, 28, 1),
(21, 35, 13, 'dolorem', 'voluptates', 6, 10, 3, 2, '2018-10-21 05:35:24', '2018-10-21 05:35:24', NULL, 30, 29, 22, 1),
(22, 24, 4, 'sequi', 'minus', 7, 12, 8, 2, '2018-10-21 05:35:24', '2018-10-21 05:35:24', NULL, 28, 26, 22, 1),
(23, 33, 15, 'aliquid', 'dolorum', 7, 8, 6, 2, '2018-10-21 05:35:24', '2018-10-21 05:35:24', NULL, 34, 34, 32, 1),
(24, 23, 12, 'impedit', 'similique', 9, 11, 2, 1, '2018-10-21 05:35:24', '2018-10-21 05:35:24', NULL, 23, 25, 27, 1),
(25, 22, 8, 'labore', 'vel', 8, 10, 7, 2, '2018-10-21 05:35:24', '2018-10-21 05:35:24', NULL, 34, 34, 27, 1),
(26, 32, 5, 'ABC', 'sub1', 11, 11, 11, 11, '2018-10-23 23:18:57', '2018-10-23 23:18:57', NULL, 1, NULL, NULL, 1),
(27, 32, 5, 'ABC', 'sub1', 11, 11, 11, 11, '2018-10-23 23:20:08', '2018-10-23 23:20:08', NULL, 1, NULL, NULL, 1),
(28, 32, 5, 'ABC', 'sub1', 11, 11, 11, 11, '2018-10-23 23:27:07', '2018-10-23 23:27:07', NULL, 1, NULL, NULL, 1),
(29, 27, 5, 'ad', 'gffd', 243, 42, 24, 243, '2018-10-23 23:28:15', '2018-10-23 23:28:15', NULL, 1, NULL, NULL, 1),
(30, 29, 5, '243', 'fds', 243, 4, 24, 423, '2018-10-23 23:30:03', '2018-10-23 23:30:03', NULL, 1, NULL, NULL, 1),
(31, 29, 5, '243', 'fds', 243, 4, 24, 423, '2018-10-23 23:30:36', '2018-10-23 23:30:36', NULL, 1, NULL, NULL, 1),
(32, 29, 5, '243', 'fds', 243, 4, 24, 423, '2018-10-23 23:30:54', '2018-10-23 23:30:54', NULL, 1, NULL, NULL, 1),
(33, 29, 5, '243', 'fds', 243, 4, 24, 423, '2018-10-23 23:31:53', '2018-10-23 23:31:53', NULL, 1, NULL, NULL, 1),
(34, 29, 5, 'fsdf', 'sfd', 243, 243, 243, 23, '2018-10-23 23:32:53', '2018-10-23 23:32:53', NULL, 1, NULL, NULL, 1),
(35, 29, 5, 'fsdf', 'sfd', 243, 243, 243, 23, '2018-10-23 23:33:29', '2018-10-23 23:33:29', NULL, 1, NULL, NULL, 1),
(36, 27, 5, 'fgd', 'dg', 243, 53, 34, 54, '2018-10-23 23:33:52', '2018-10-23 23:33:52', NULL, 1, NULL, NULL, 1),
(37, 29, 5, 'cg', 'dg', 354, 53, 53, 5, '2018-10-23 23:34:58', '2018-10-23 23:34:58', NULL, 1, NULL, NULL, 1),
(38, 22, 15, '124', 'dgd', 23, 243, 243, 243, '2018-10-25 19:00:05', '2018-10-25 19:00:05', NULL, 23, NULL, NULL, 1),
(39, 25, 12, '234', 'df', 4, 35, 3, 543, '2018-10-25 19:02:23', '2018-10-25 19:02:23', NULL, 23, NULL, NULL, 1),
(40, 27, 7, 'gd', 'd', 423, 423, 43, 243, '2018-10-25 19:03:14', '2018-10-25 19:21:16', NULL, 23, NULL, 23, 0),
(41, 27, 5, 'db', 'dh', 3, 3, 34, 34, '2018-10-25 19:07:59', '2018-10-25 19:07:59', NULL, 23, NULL, NULL, 1),
(42, 28, 1, 'we', 'd', 243, 243, 24, 243, '2018-10-25 19:11:17', '2018-10-25 19:11:17', NULL, 23, NULL, NULL, 1),
(43, 28, 1, 'we', 'd', 243, 243, 24, 243, '2018-10-25 19:12:08', '2018-10-25 19:12:08', NULL, 23, NULL, NULL, 1),
(44, 28, 5, '43263', 'dghfghf', 54, 54, 54, 54, '2018-10-25 19:13:02', '2018-10-25 19:13:02', NULL, 23, NULL, NULL, 1),
(45, 23, 15, 'sdg', 'wfewf', 234, 234, 234, 234, '2018-10-27 04:36:05', '2018-10-27 04:36:05', NULL, 23, NULL, NULL, 1);

-- --------------------------------------------------------

--
-- Table structure for table `topics`
--

CREATE TABLE `topics` (
  `id` int(10) UNSIGNED NOT NULL,
  `subject_id` int(10) UNSIGNED NOT NULL,
  `name` text COLLATE utf8mb4_unicode_ci NOT NULL,
  `due_date` date NOT NULL,
  `type` tinyint(4) NOT NULL,
  `state` tinyint(1) NOT NULL DEFAULT '0',
  `created_at` timestamp NULL DEFAULT NULL,
  `updated_at` timestamp NULL DEFAULT NULL,
  `deleted_at` timestamp NULL DEFAULT NULL,
  `created_by` int(10) UNSIGNED NOT NULL,
  `updated_by` int(10) UNSIGNED DEFAULT NULL,
  `deleted_by` int(10) UNSIGNED DEFAULT NULL,
  `status` tinyint(4) NOT NULL DEFAULT '1'
) ENGINE=InnoDB DEFAULT CHARSET=utf8mb4 COLLATE=utf8mb4_unicode_ci;

--
-- Dumping data for table `topics`
--

INSERT INTO `topics` (`id`, `subject_id`, `name`, `due_date`, `type`, `state`, `created_at`, `updated_at`, `deleted_at`, `created_by`, `updated_by`, `deleted_by`, `status`) VALUES
(1, 22, 'Reprehenderit modi non suscipit itaque omnis est et.', '1972-07-16', 1, 1, '2018-10-21 05:35:26', '2018-10-25 04:17:20', NULL, 27, 26, 29, 1),
(2, 22, 'Quia fugit itaque quidem aut.', '1973-06-15', 1, 1, '2018-10-21 05:35:26', '2018-10-25 04:18:33', NULL, 34, 35, 35, 1),
(3, 13, 'Totam sint et nisi nisi ut inventore aut et.', '1989-07-10', 3, 0, '2018-10-21 05:35:26', '2018-10-21 05:35:26', NULL, 23, 32, 31, 1),
(4, 7, 'Distinctio in est omnis minima aut praesentium aut nemo.', '1974-12-04', 1, 0, '2018-10-21 05:35:26', '2018-10-21 05:35:26', NULL, 21, 24, 34, 1),
(5, 20, 'Saepe ut necessitatibus corporis corrupti blanditiis labore.', '1999-06-15', 2, 1, '2018-10-21 05:35:26', '2018-10-21 05:35:26', NULL, 34, 35, 22, 1),
(6, 11, 'Ut ea impedit deleniti praesentium incidunt culpa et.', '2004-06-17', 2, 1, '2018-10-21 05:35:26', '2018-10-21 05:35:26', NULL, 32, 26, 30, 1),
(7, 22, 'Sed exercitationem perspiciatis quis et aliquam sint veritatis.', '1991-09-02', 1, 1, '2018-10-21 05:35:26', '2018-10-21 05:35:26', NULL, 23, 26, 30, 1),
(8, 11, 'Nobis aut dolore iusto consequatur voluptas.', '2002-07-12', 4, 0, '2018-10-21 05:35:26', '2018-10-21 05:35:26', NULL, 27, 33, 29, 1),
(9, 17, 'Nam sunt corporis iusto et beatae et culpa.', '1985-06-29', 2, 1, '2018-10-21 05:35:26', '2018-10-21 05:35:26', NULL, 25, 23, 29, 1),
(10, 2, 'Provident fugit repellat et asperiores delectus.', '1985-10-19', 1, 1, '2018-10-21 05:35:26', '2018-10-21 05:35:26', NULL, 31, 33, 24, 1),
(11, 24, 'Voluptatem id nemo nam debitis et et dolor.', '2010-05-26', 3, 0, '2018-10-21 05:35:26', '2018-10-21 05:35:26', NULL, 32, 21, 28, 1),
(12, 1, 'Dolores repellendus neque sequi quia adipisci.', '1974-07-14', 1, 0, '2018-10-21 05:35:26', '2018-10-21 05:35:26', NULL, 28, 25, 30, 1),
(13, 15, 'Sequi consequuntur et aliquid voluptatem.', '1987-04-15', 1, 1, '2018-10-21 05:35:26', '2018-10-21 05:35:26', NULL, 32, 29, 25, 1),
(14, 6, 'Natus et mollitia veniam quasi nobis aliquam.', '2008-12-08', 2, 1, '2018-10-21 05:35:26', '2018-10-21 05:35:26', NULL, 33, 24, 25, 1),
(15, 18, 'Quae officia tempore sed labore sunt.', '1976-11-07', 3, 1, '2018-10-21 05:35:26', '2018-10-21 05:35:26', NULL, 30, 24, 27, 1),
(16, 8, 'Nostrum ex quo voluptas distinctio ipsa.', '1975-12-04', 3, 0, '2018-10-21 05:35:26', '2018-10-21 05:35:26', NULL, 24, 28, 24, 1),
(17, 17, 'Quo beatae ipsa aut sapiente.', '2015-01-10', 4, 0, '2018-10-21 05:35:26', '2018-10-21 05:35:26', NULL, 29, 35, 32, 1),
(18, 11, 'Aut consequatur et dolorum aut repellendus.', '2012-09-05', 3, 0, '2018-10-21 05:35:26', '2018-10-21 05:35:26', NULL, 24, 26, 26, 1),
(19, 2, 'Est laudantium ipsum sunt molestiae.', '1995-06-29', 4, 1, '2018-10-21 05:35:26', '2018-10-21 05:35:26', NULL, 29, 27, 34, 1),
(20, 6, 'Officia iure et atque vel quam tempore iusto.', '1977-01-28', 3, 1, '2018-10-21 05:35:26', '2018-10-21 05:35:26', NULL, 30, 32, 30, 1),
(21, 21, 'Facere vero qui ea quo repudiandae repellat earum.', '2015-10-15', 1, 1, '2018-10-21 05:35:26', '2018-10-21 05:35:26', NULL, 24, 34, 30, 1),
(22, 20, 'Velit recusandae architecto quam ea ea.', '1982-01-31', 4, 0, '2018-10-21 05:35:26', '2018-10-21 05:35:26', NULL, 35, 25, 34, 1),
(23, 12, 'Libero similique nulla a quo consectetur.', '1987-04-02', 1, 0, '2018-10-21 05:35:26', '2018-10-21 05:35:26', NULL, 23, 23, 25, 1),
(24, 13, 'Soluta est neque voluptatem dolorem vel.', '1981-09-14', 2, 1, '2018-10-21 05:35:26', '2018-10-21 05:35:26', NULL, 25, 34, 29, 1),
(25, 4, 'Alias consequatur hic voluptatem consequuntur accusantium eos repellendus.', '2011-06-13', 4, 1, '2018-10-21 05:35:26', '2018-10-21 05:35:26', NULL, 31, 31, 23, 1),
(26, 24, 'Sint repudiandae eum rem deleniti.', '2012-01-07', 2, 1, '2018-10-21 05:35:26', '2018-10-21 05:35:26', NULL, 30, 24, 32, 1),
(27, 12, 'Et eveniet repellat vero aliquam nulla dolorem.', '2015-11-10', 4, 0, '2018-10-21 05:35:26', '2018-10-21 05:35:26', NULL, 28, 24, 34, 1),
(28, 6, 'Libero qui sit qui tempora.', '2011-12-09', 2, 0, '2018-10-21 05:35:26', '2018-10-21 05:35:26', NULL, 30, 35, 23, 1),
(29, 22, 'Modi et impedit illo animi.', '2011-06-19', 4, 1, '2018-10-21 05:35:26', '2018-10-21 05:35:26', NULL, 29, 34, 28, 1),
(30, 9, 'Eos illo delectus tempore accusantium.', '2002-04-01', 1, 0, '2018-10-21 05:35:26', '2018-10-21 05:35:26', NULL, 30, 35, 25, 1),
(31, 13, 'Sint nesciunt incidunt et delectus dolore magnam.', '1994-08-19', 2, 1, '2018-10-21 05:35:26', '2018-10-21 05:35:26', NULL, 33, 32, 25, 1),
(32, 11, 'Inventore architecto fugit omnis repellendus in.', '1970-08-21', 4, 0, '2018-10-21 05:35:26', '2018-10-21 05:35:26', NULL, 28, 29, 29, 1),
(33, 15, 'Incidunt molestiae in dicta unde in.', '1975-12-16', 4, 0, '2018-10-21 05:35:26', '2018-10-21 05:35:26', NULL, 28, 27, 30, 1),
(34, 6, 'Repudiandae sunt perferendis et.', '1986-01-27', 3, 0, '2018-10-21 05:35:26', '2018-10-21 05:35:26', NULL, 23, 22, 25, 1),
(35, 17, 'Voluptatem dolores esse aut et pariatur quisquam ut.', '1987-11-09', 3, 1, '2018-10-21 05:35:26', '2018-10-21 05:35:26', NULL, 24, 30, 21, 1),
(36, 8, 'Ducimus molestiae minima architecto ratione perferendis voluptates.', '2008-09-13', 1, 0, '2018-10-21 05:35:26', '2018-10-21 05:35:26', NULL, 25, 22, 21, 1),
(37, 19, 'Non dolorem cumque rerum necessitatibus mollitia dolor sint.', '1981-08-03', 1, 0, '2018-10-21 05:35:26', '2018-10-21 05:35:26', NULL, 24, 29, 23, 1),
(38, 1, 'Corporis deleniti dolor at soluta eius velit.', '2007-10-28', 4, 0, '2018-10-21 05:35:26', '2018-10-21 05:35:26', NULL, 27, 23, 31, 1),
(39, 8, 'Sit odio nihil harum velit et aut.', '1999-11-05', 1, 0, '2018-10-21 05:35:26', '2018-10-21 05:35:26', NULL, 26, 27, 32, 1),
(40, 9, 'Vitae esse a non id.', '1996-06-24', 4, 0, '2018-10-21 05:35:26', '2018-10-21 05:35:26', NULL, 30, 23, 31, 1),
(41, 11, 'Provident eaque praesentium consectetur omnis dolorem velit impedit.', '2009-07-11', 4, 0, '2018-10-21 05:35:26', '2018-10-21 05:35:26', NULL, 23, 31, 26, 1),
(42, 21, 'Dolores voluptatem ipsam nihil facere omnis voluptas rerum architecto.', '2012-01-15', 3, 0, '2018-10-21 05:35:26', '2018-10-21 05:35:26', NULL, 26, 28, 25, 1),
(43, 12, 'Nesciunt culpa consequatur cumque dolorem ea.', '2000-08-02', 2, 1, '2018-10-21 05:35:26', '2018-10-21 05:35:26', NULL, 35, 26, 21, 1),
(44, 11, 'Est cumque velit saepe ex fugiat.', '1972-03-16', 1, 1, '2018-10-21 05:35:26', '2018-10-21 05:35:26', NULL, 34, 21, 23, 1),
(45, 1, 'Dolores ut voluptatum corporis et sunt nihil est.', '1977-03-31', 4, 0, '2018-10-21 05:35:26', '2018-10-21 05:35:26', NULL, 21, 33, 35, 1),
(46, 16, 'Eos suscipit omnis assumenda placeat.', '2000-08-18', 4, 0, '2018-10-21 05:35:26', '2018-10-21 05:35:26', NULL, 29, 31, 23, 1),
(47, 10, 'Molestiae nihil ex repellat et.', '1980-06-30', 2, 1, '2018-10-21 05:35:26', '2018-10-21 05:35:26', NULL, 21, 26, 22, 1),
(48, 7, 'Et voluptatibus voluptatem et aliquam aut repudiandae.', '1977-02-15', 4, 1, '2018-10-21 05:35:26', '2018-10-21 05:35:26', NULL, 32, 31, 34, 1),
(49, 17, 'Consequatur aut et rerum et quas nihil.', '1970-07-30', 2, 0, '2018-10-21 05:35:26', '2018-10-21 05:35:26', NULL, 32, 23, 24, 1),
(50, 13, 'Quam doloribus repellendus commodi esse nesciunt.', '1970-02-01', 1, 0, '2018-10-21 05:35:26', '2018-10-21 05:35:26', NULL, 31, 24, 30, 1),
(51, 13, 'Voluptates delectus perspiciatis magnam optio nostrum quia omnis.', '1972-08-10', 1, 0, '2018-10-21 05:35:26', '2018-10-21 05:35:26', NULL, 28, 34, 34, 1),
(52, 25, 'Eos qui eum aliquam cumque iste quos vitae.', '1981-06-20', 4, 1, '2018-10-21 05:35:26', '2018-10-21 05:35:26', NULL, 23, 22, 21, 1),
(53, 15, 'Dicta enim eos ipsam porro laboriosam inventore quae.', '1998-05-09', 1, 1, '2018-10-21 05:35:26', '2018-10-21 05:35:26', NULL, 34, 34, 31, 1),
(54, 15, 'Quo qui molestiae sunt necessitatibus.', '2018-06-18', 4, 1, '2018-10-21 05:35:26', '2018-10-21 05:35:26', NULL, 25, 35, 26, 1),
(55, 22, 'Vel rerum maxime aliquid minima.', '1992-01-06', 4, 0, '2018-10-21 05:35:26', '2018-10-21 05:35:26', NULL, 23, 21, 24, 1),
(56, 21, 'Dolor quisquam omnis expedita ut atque sit.', '1991-08-03', 1, 1, '2018-10-21 05:35:26', '2018-10-21 05:35:26', NULL, 27, 31, 35, 1),
(57, 12, 'Id error molestiae reiciendis expedita sit qui.', '2009-02-01', 3, 0, '2018-10-21 05:35:26', '2018-10-21 05:35:26', NULL, 28, 24, 35, 1),
(58, 25, 'Cupiditate sint dolores rerum.', '2012-08-20', 4, 0, '2018-10-21 05:35:26', '2018-10-21 05:35:26', NULL, 30, 27, 33, 1),
(59, 7, 'Vel aut cum rerum consequatur.', '2012-02-05', 2, 1, '2018-10-21 05:35:26', '2018-10-21 05:35:26', NULL, 22, 23, 34, 1),
(60, 23, 'Maiores officiis sint excepturi.', '1982-01-11', 2, 0, '2018-10-21 05:35:26', '2018-10-21 05:35:26', NULL, 24, 28, 21, 1),
(61, 7, 'Hic quo ex id possimus ut ut.', '2003-05-01', 3, 1, '2018-10-21 05:35:26', '2018-10-21 05:35:26', NULL, 35, 31, 31, 1),
(62, 25, 'Odit nam necessitatibus est sit eius voluptas.', '1999-05-07', 1, 0, '2018-10-21 05:35:26', '2018-10-21 05:35:26', NULL, 22, 29, 29, 1),
(63, 22, 'Laborum aliquam quia repellendus doloribus.', '2003-01-17', 3, 1, '2018-10-21 05:35:26', '2018-10-21 05:35:26', NULL, 22, 21, 27, 1),
(64, 5, 'Magni est consectetur quis est eaque quis in.', '1987-10-21', 4, 0, '2018-10-21 05:35:26', '2018-10-21 05:35:26', NULL, 21, 28, 34, 1),
(65, 12, 'Et et et omnis ut eveniet harum id dolorem.', '1984-02-18', 3, 0, '2018-10-21 05:35:26', '2018-10-21 05:35:26', NULL, 26, 34, 23, 1),
(66, 3, 'Voluptatem voluptas et maxime corrupti.', '2016-03-28', 1, 1, '2018-10-21 05:35:26', '2018-10-21 05:35:26', NULL, 28, 32, 29, 1),
(67, 24, 'Debitis sequi pariatur dicta dolor rerum.', '2007-08-03', 4, 1, '2018-10-21 05:35:26', '2018-10-21 05:35:26', NULL, 25, 35, 34, 1),
(68, 23, 'Aspernatur non nam fugiat est ab.', '1971-02-27', 1, 1, '2018-10-21 05:35:26', '2018-10-21 05:35:26', NULL, 34, 24, 22, 1),
(69, 2, 'Molestiae optio magni repudiandae atque.', '2013-05-31', 3, 1, '2018-10-21 05:35:26', '2018-10-21 05:35:26', NULL, 27, 25, 29, 1),
(70, 7, 'Omnis eos sit eos aliquam quia culpa.', '2009-01-29', 4, 0, '2018-10-21 05:35:26', '2018-10-21 05:35:26', NULL, 24, 26, 34, 1),
(71, 8, 'Non iste numquam eius dolorem rerum id sit.', '1983-01-19', 4, 1, '2018-10-21 05:35:26', '2018-10-21 05:35:26', NULL, 24, 23, 35, 1),
(72, 7, 'Enim quibusdam modi aspernatur eligendi enim animi.', '2000-12-23', 2, 1, '2018-10-21 05:35:26', '2018-10-21 05:35:26', NULL, 21, 27, 32, 1),
(73, 24, 'Sunt doloremque velit hic labore suscipit nobis.', '2000-07-02', 2, 1, '2018-10-21 05:35:26', '2018-10-21 05:35:26', NULL, 34, 24, 27, 1),
(74, 1, 'Est nobis culpa consectetur error aliquid repudiandae.', '1975-12-15', 1, 0, '2018-10-21 05:35:26', '2018-10-21 05:35:26', NULL, 32, 23, 30, 1),
(75, 15, 'Assumenda perspiciatis odit laudantium fugit aliquid nihil.', '1976-07-04', 4, 0, '2018-10-21 05:35:26', '2018-10-21 05:35:26', NULL, 29, 25, 31, 1),
(76, 8, 'Rerum sunt quam ab quisquam.', '2007-05-25', 3, 1, '2018-10-21 05:35:26', '2018-10-21 05:35:26', NULL, 34, 34, 28, 1),
(77, 16, 'Dicta unde eos praesentium.', '1997-09-12', 4, 0, '2018-10-21 05:35:26', '2018-10-21 05:35:26', NULL, 29, 30, 30, 1),
(78, 14, 'Ducimus necessitatibus eum itaque necessitatibus atque.', '1991-03-31', 4, 1, '2018-10-21 05:35:26', '2018-10-21 05:35:26', NULL, 31, 35, 32, 1),
(79, 23, 'Quos inventore non ex vitae laudantium.', '2000-05-24', 1, 1, '2018-10-21 05:35:26', '2018-10-21 06:06:13', NULL, 35, 34, 29, 1),
(80, 2, 'Soluta dignissimos et ducimus.', '1978-03-24', 1, 0, '2018-10-21 05:35:26', '2018-10-21 05:35:26', NULL, 35, 35, 32, 1),
(81, 16, 'Aut consequatur sint similique eius quidem iusto.', '1973-06-18', 4, 1, '2018-10-21 05:35:26', '2018-10-21 05:35:26', NULL, 23, 21, 34, 1),
(82, 20, 'Maiores nostrum et repellat qui voluptatum.', '2016-01-04', 3, 1, '2018-10-21 05:35:26', '2018-10-21 05:35:26', NULL, 25, 27, 34, 1),
(83, 14, 'Ipsum optio dolorum quidem non in esse ea.', '2011-02-21', 4, 0, '2018-10-21 05:35:26', '2018-10-21 05:35:26', NULL, 26, 33, 33, 1),
(84, 6, 'Iure molestiae et sunt hic quibusdam.', '2008-10-31', 3, 1, '2018-10-21 05:35:26', '2018-10-21 05:35:26', NULL, 29, 22, 31, 1),
(85, 16, 'Voluptas minus rerum nobis.', '1988-11-29', 1, 1, '2018-10-21 05:35:26', '2018-10-21 05:35:26', NULL, 25, 21, 25, 1),
(86, 6, 'Officiis qui et maxime possimus error labore.', '1989-05-14', 4, 1, '2018-10-21 05:35:26', '2018-10-21 05:35:26', NULL, 30, 23, 23, 1),
(87, 7, 'Vero illo deleniti asperiores qui.', '2003-01-02', 1, 0, '2018-10-21 05:35:26', '2018-10-21 05:35:26', NULL, 23, 21, 23, 1),
(88, 9, 'Vel et est sed reprehenderit cum dolor magnam.', '2004-01-08', 1, 0, '2018-10-21 05:35:26', '2018-10-21 05:35:26', NULL, 33, 35, 31, 1),
(89, 5, 'Aut quos illo expedita possimus assumenda.', '1997-05-25', 2, 0, '2018-10-21 05:35:26', '2018-10-21 05:35:26', NULL, 21, 26, 35, 1),
(90, 24, 'Voluptatem et quos asperiores vel eos rem.', '2001-12-25', 2, 0, '2018-10-21 05:35:26', '2018-10-21 05:35:26', NULL, 33, 34, 26, 1),
(91, 12, 'Omnis omnis et voluptatum in autem voluptate eveniet.', '1996-11-12', 1, 0, '2018-10-21 05:35:26', '2018-10-21 05:35:26', NULL, 22, 24, 30, 1),
(92, 23, 'Aut rerum consectetur voluptas velit beatae.', '1993-07-01', 4, 1, '2018-10-21 05:35:26', '2018-10-21 05:35:26', NULL, 35, 30, 25, 1),
(93, 5, 'Ut velit molestiae minima commodi inventore.', '1997-03-20', 1, 1, '2018-10-21 05:35:26', '2018-10-21 05:35:26', NULL, 32, 27, 33, 1),
(94, 7, 'Quae ut saepe tempore repellendus sunt.', '1985-04-30', 2, 0, '2018-10-21 05:35:26', '2018-10-21 05:35:26', NULL, 32, 28, 23, 1),
(95, 18, 'Porro tempora nemo nobis repudiandae consequatur recusandae explicabo.', '1992-03-15', 4, 0, '2018-10-21 05:35:26', '2018-10-21 05:35:26', NULL, 31, 31, 33, 1),
(96, 16, 'Saepe maiores excepturi distinctio ipsam.', '1978-06-21', 3, 0, '2018-10-21 05:35:26', '2018-10-21 05:35:26', NULL, 27, 25, 30, 1),
(97, 13, 'Exercitationem quam eligendi repellendus quis sint ipsum saepe.', '1995-05-07', 4, 1, '2018-10-21 05:35:26', '2018-10-21 05:35:26', NULL, 32, 26, 21, 1),
(98, 8, 'Id modi omnis et et.', '1986-03-09', 2, 0, '2018-10-21 05:35:26', '2018-10-21 05:35:26', NULL, 26, 26, 34, 1),
(99, 11, 'Autem qui sit nam voluptatem porro aut.', '1974-01-11', 2, 0, '2018-10-21 05:35:26', '2018-10-21 05:35:26', NULL, 23, 33, 22, 1),
(100, 11, 'Reiciendis sunt aut et consequatur in voluptas.', '2011-04-05', 1, 1, '2018-10-21 05:35:26', '2018-10-21 05:35:26', NULL, 21, 25, 33, 1),
(101, 19, 'Commodi est quisquam quisquam est et perferendis accusantium.', '1972-02-29', 4, 1, '2018-10-21 05:35:26', '2018-10-21 05:35:26', NULL, 33, 26, 35, 1),
(102, 9, 'Expedita provident optio cumque nostrum impedit dignissimos facere.', '2015-05-30', 4, 0, '2018-10-21 05:35:26', '2018-10-21 05:35:26', NULL, 26, 31, 25, 1),
(103, 6, 'Hic adipisci deserunt molestiae.', '2004-03-10', 1, 1, '2018-10-21 05:35:26', '2018-10-21 05:35:26', NULL, 31, 33, 31, 1),
(104, 4, 'Voluptatem earum sint voluptas nobis error tenetur.', '1976-12-27', 2, 1, '2018-10-21 05:35:26', '2018-10-21 05:35:26', NULL, 34, 21, 22, 1),
(105, 2, 'Quis non debitis quod error exercitationem placeat voluptatem.', '2008-01-08', 3, 1, '2018-10-21 05:35:26', '2018-10-21 05:35:26', NULL, 32, 27, 26, 1),
(106, 16, 'Dolorum autem quis sint optio quasi.', '1985-03-17', 1, 0, '2018-10-21 05:35:26', '2018-10-21 05:35:26', NULL, 35, 35, 35, 1),
(107, 25, 'Occaecati consectetur maxime et error ut iusto corporis.', '1990-04-12', 3, 0, '2018-10-21 05:35:26', '2018-10-21 05:35:26', NULL, 34, 24, 35, 1),
(108, 4, 'Inventore eaque quam et et cupiditate dolores voluptatem dicta.', '1970-11-05', 4, 0, '2018-10-21 05:35:26', '2018-10-21 05:35:26', NULL, 28, 33, 31, 1),
(109, 20, 'Commodi incidunt aut saepe.', '1990-01-06', 2, 1, '2018-10-21 05:35:26', '2018-10-21 05:35:26', NULL, 22, 34, 26, 1),
(110, 7, 'Deleniti incidunt repellat rerum consequuntur pariatur in accusantium.', '1975-09-27', 3, 0, '2018-10-21 05:35:26', '2018-10-21 05:35:26', NULL, 22, 32, 24, 1),
(111, 24, 'Porro doloribus inventore rerum ducimus reiciendis.', '1985-03-03', 4, 1, '2018-10-21 05:35:26', '2018-10-21 05:35:26', NULL, 35, 21, 23, 1),
(112, 3, 'Illo corporis vel vel facere aut repellat.', '1989-05-13', 1, 1, '2018-10-21 05:35:26', '2018-10-21 05:35:26', NULL, 31, 28, 31, 1),
(113, 22, 'Est pariatur debitis delectus suscipit.', '1978-10-27', 3, 1, '2018-10-21 05:35:26', '2018-10-21 05:35:26', NULL, 26, 34, 34, 1),
(114, 4, 'Doloremque sit tenetur voluptas voluptates autem.', '1982-09-25', 2, 1, '2018-10-21 05:35:26', '2018-10-21 05:35:26', NULL, 31, 21, 32, 1),
(115, 11, 'Officia dolorem adipisci impedit et voluptas aut.', '1970-10-25', 2, 1, '2018-10-21 05:35:26', '2018-10-21 05:35:26', NULL, 23, 24, 21, 1),
(116, 14, 'Laudantium eius minima sunt cumque perspiciatis sunt.', '1983-10-01', 3, 0, '2018-10-21 05:35:26', '2018-10-21 05:35:26', NULL, 29, 30, 21, 1),
(117, 15, 'Quod in nam enim ut laudantium maxime.', '1997-03-08', 2, 1, '2018-10-21 05:35:26', '2018-10-21 05:35:26', NULL, 26, 30, 22, 1),
(118, 8, 'Vitae est quia nisi dicta architecto.', '1993-09-05', 3, 0, '2018-10-21 05:35:26', '2018-10-21 05:35:26', NULL, 30, 29, 25, 1),
(119, 2, 'Aliquam et provident officiis et et.', '2003-11-27', 4, 1, '2018-10-21 05:35:26', '2018-10-21 05:35:26', NULL, 27, 33, 25, 1),
(120, 20, 'Vitae eum praesentium et laudantium.', '2004-12-12', 4, 1, '2018-10-21 05:35:26', '2018-10-21 05:35:26', NULL, 26, 26, 31, 1),
(121, 21, 'Molestias autem nesciunt laboriosam sapiente et id.', '2018-09-17', 1, 1, '2018-10-21 05:35:26', '2018-10-21 05:35:26', NULL, 23, 21, 34, 1),
(122, 25, 'Unde iusto ut quia.', '2001-01-10', 1, 1, '2018-10-21 05:35:26', '2018-10-21 05:35:26', NULL, 28, 33, 25, 1),
(123, 7, 'Modi voluptatum enim inventore et error iusto.', '1986-05-15', 3, 1, '2018-10-21 05:35:26', '2018-10-21 05:35:26', NULL, 34, 30, 25, 1),
(124, 8, 'In ducimus sint veritatis voluptate consequatur.', '1979-04-22', 1, 1, '2018-10-21 05:35:26', '2018-10-21 05:35:26', NULL, 26, 29, 35, 1),
(125, 8, 'Error dolorem eaque optio commodi ratione tenetur.', '1982-08-03', 2, 1, '2018-10-21 05:35:26', '2018-10-21 05:35:26', NULL, 24, 23, 28, 1),
(126, 23, 'A quia quos corrupti voluptas et ut iste.', '1971-10-28', 2, 1, '2018-10-21 05:35:26', '2018-10-21 05:35:26', NULL, 28, 31, 33, 1),
(127, 10, 'Et et velit dolores debitis et repellat et.', '1982-02-07', 3, 1, '2018-10-21 05:35:26', '2018-10-21 05:35:26', NULL, 28, 28, 33, 1),
(128, 5, 'Recusandae deleniti voluptas porro temporibus pariatur fugit.', '2004-10-22', 2, 1, '2018-10-21 05:35:26', '2018-10-21 05:35:26', NULL, 30, 23, 26, 1),
(129, 10, 'Quisquam deserunt non sed.', '1978-05-11', 2, 1, '2018-10-21 05:35:26', '2018-10-21 05:35:26', NULL, 23, 25, 25, 1),
(130, 10, 'Necessitatibus optio provident sapiente harum nostrum ad sed itaque.', '2011-12-25', 1, 1, '2018-10-21 05:35:26', '2018-10-21 05:35:26', NULL, 33, 22, 25, 1),
(131, 19, 'Eos sit omnis voluptatem dolor molestiae.', '2010-12-04', 2, 0, '2018-10-21 05:35:26', '2018-10-21 05:35:26', NULL, 33, 32, 32, 1),
(132, 11, 'Rerum aliquam perspiciatis modi voluptatibus aut quaerat possimus.', '2014-11-06', 2, 0, '2018-10-21 05:35:26', '2018-10-21 05:35:26', NULL, 29, 27, 31, 1),
(133, 12, 'Amet ut temporibus asperiores et tenetur itaque laboriosam.', '1985-03-06', 3, 0, '2018-10-21 05:35:26', '2018-10-21 05:35:26', NULL, 31, 26, 33, 1),
(134, 23, 'Quia culpa quia cupiditate vitae ipsam.', '2000-01-05', 1, 1, '2018-10-21 05:35:26', '2018-10-21 05:35:26', NULL, 31, 23, 23, 1),
(135, 9, 'Nihil dolor a nam esse dolores qui veritatis.', '2008-09-11', 2, 1, '2018-10-21 05:35:26', '2018-10-21 05:35:26', NULL, 30, 23, 34, 1),
(136, 3, 'Hic aperiam eum et sed libero exercitationem.', '2016-10-15', 3, 0, '2018-10-21 05:35:26', '2018-10-21 05:35:26', NULL, 25, 35, 30, 1),
(137, 20, 'Sit voluptas porro nihil et nulla.', '1973-12-10', 2, 1, '2018-10-21 05:35:26', '2018-10-21 05:35:26', NULL, 28, 22, 30, 1),
(138, 10, 'Officiis consequatur accusamus delectus est.', '1973-05-17', 1, 1, '2018-10-21 05:35:26', '2018-10-21 05:35:26', NULL, 28, 33, 29, 1),
(139, 22, 'Ut cumque quis impedit reiciendis.', '2011-09-04', 1, 0, '2018-10-21 05:35:26', '2018-10-21 05:35:26', NULL, 23, 28, 26, 1),
(140, 12, 'Repellendus quasi at in nesciunt nesciunt voluptatibus dolorem molestiae.', '1990-06-23', 2, 1, '2018-10-21 05:35:26', '2018-10-21 05:35:26', NULL, 28, 34, 30, 1),
(141, 13, 'Omnis inventore rerum fuga temporibus.', '2015-05-05', 4, 0, '2018-10-21 05:35:26', '2018-10-21 05:35:26', NULL, 32, 31, 31, 1),
(142, 18, 'Asperiores ipsum neque distinctio dolor.', '1988-12-22', 4, 0, '2018-10-21 05:35:26', '2018-10-21 05:35:26', NULL, 24, 34, 21, 1),
(143, 24, 'Praesentium molestias quaerat ea nihil veniam officiis et tempora.', '1972-01-26', 4, 0, '2018-10-21 05:35:27', '2018-10-21 05:35:27', NULL, 25, 28, 23, 1),
(144, 7, 'Ut autem nesciunt mollitia.', '1970-11-18', 4, 0, '2018-10-21 05:35:27', '2018-10-21 05:35:27', NULL, 22, 30, 23, 1),
(145, 4, 'Non voluptas expedita nesciunt et minus ipsam.', '1980-08-13', 4, 0, '2018-10-21 05:35:27', '2018-10-21 05:35:27', NULL, 21, 21, 27, 1),
(146, 21, 'Aut magnam enim suscipit voluptatem.', '1988-07-30', 2, 0, '2018-10-21 05:35:27', '2018-10-21 05:35:27', NULL, 22, 23, 30, 1),
(147, 10, 'Voluptate suscipit beatae quia tenetur tempore sed dolor.', '1974-12-25', 1, 1, '2018-10-21 05:35:27', '2018-10-21 05:35:27', NULL, 33, 35, 34, 1),
(148, 10, 'Est quis totam nihil iusto dolorem velit et.', '1994-01-16', 3, 0, '2018-10-21 05:35:27', '2018-10-21 05:35:27', NULL, 22, 29, 32, 1),
(149, 25, 'Quam explicabo voluptas pariatur vero ea.', '1997-03-16', 3, 1, '2018-10-21 05:35:27', '2018-10-21 05:35:27', NULL, 25, 22, 31, 1),
(150, 16, 'Error possimus atque sunt odit eos eum accusantium.', '1979-05-21', 1, 1, '2018-10-21 05:35:27', '2018-10-21 05:35:27', NULL, 29, 24, 28, 1),
(151, 1, 'Impedit dolorum ducimus facere aut.', '2003-12-16', 3, 1, '2018-10-21 05:35:27', '2018-10-21 05:35:27', NULL, 21, 31, 28, 1),
(152, 5, 'Minus culpa corporis nihil consequatur eius.', '2010-01-05', 4, 0, '2018-10-21 05:35:27', '2018-10-21 05:35:27', NULL, 30, 26, 29, 1),
(153, 3, 'Omnis ducimus atque sunt in.', '2009-07-18', 2, 0, '2018-10-21 05:35:27', '2018-10-21 05:35:27', NULL, 33, 25, 24, 1),
(154, 20, 'Laboriosam error distinctio et labore voluptatem.', '1974-05-24', 3, 1, '2018-10-21 05:35:27', '2018-10-21 05:35:27', NULL, 33, 24, 34, 1),
(155, 18, 'Repellendus ut repellat quibusdam ut qui.', '2011-06-19', 4, 0, '2018-10-21 05:35:27', '2018-10-21 05:35:27', NULL, 28, 28, 21, 1),
(156, 23, 'Et maxime et blanditiis perspiciatis sed.', '1989-03-02', 1, 1, '2018-10-21 05:35:27', '2018-10-21 05:35:27', NULL, 22, 34, 30, 1),
(157, 16, 'Autem et sequi vel omnis placeat quod.', '2000-05-14', 2, 1, '2018-10-21 05:35:27', '2018-10-21 05:35:27', NULL, 27, 33, 25, 1),
(158, 22, 'Voluptas porro illum molestiae qui et et et.', '2008-11-24', 1, 0, '2018-10-21 05:35:27', '2018-10-21 05:35:27', NULL, 30, 27, 21, 1),
(159, 3, 'Consectetur impedit omnis dolores asperiores est sit eius.', '1983-03-16', 4, 1, '2018-10-21 05:35:27', '2018-10-21 05:35:27', NULL, 30, 25, 32, 1),
(160, 6, 'Non nemo sed temporibus voluptates incidunt architecto molestiae.', '1985-11-17', 4, 1, '2018-10-21 05:35:27', '2018-10-21 05:35:27', NULL, 33, 27, 33, 1),
(161, 4, 'Minus tenetur ut delectus aperiam qui facere quam.', '2002-11-11', 2, 1, '2018-10-21 05:35:27', '2018-10-21 05:35:27', NULL, 34, 31, 26, 1),
(162, 6, 'Aut nulla perspiciatis similique nostrum nihil.', '1972-12-11', 3, 0, '2018-10-21 05:35:27', '2018-10-21 05:35:27', NULL, 23, 30, 31, 1),
(163, 8, 'Et est asperiores laudantium labore officiis.', '1992-02-16', 1, 0, '2018-10-21 05:35:27', '2018-10-21 05:35:27', NULL, 25, 32, 22, 1),
(164, 15, 'Consectetur reprehenderit laboriosam explicabo modi omnis molestiae.', '1993-03-10', 2, 1, '2018-10-21 05:35:27', '2018-10-21 05:35:27', NULL, 25, 22, 34, 1),
(165, 4, 'Inventore neque aliquid laborum autem ex asperiores.', '1980-09-26', 3, 0, '2018-10-21 05:35:27', '2018-10-21 05:35:27', NULL, 34, 32, 23, 1),
(166, 18, 'Modi placeat omnis doloremque natus modi consectetur.', '2017-07-05', 2, 0, '2018-10-21 05:35:27', '2018-10-21 05:35:27', NULL, 26, 35, 33, 1),
(167, 11, 'Id earum est velit sunt cum.', '1985-06-30', 4, 1, '2018-10-21 05:35:27', '2018-10-21 05:35:27', NULL, 30, 30, 35, 1),
(168, 15, 'Temporibus et sit magni saepe sed.', '1996-12-17', 3, 0, '2018-10-21 05:35:27', '2018-10-21 05:35:27', NULL, 33, 30, 29, 1),
(169, 24, 'Magni aliquid iure enim non.', '1994-12-02', 2, 1, '2018-10-21 05:35:27', '2018-10-21 05:35:27', NULL, 27, 26, 24, 1),
(170, 8, 'Velit omnis qui natus eligendi rem veniam.', '1981-03-21', 4, 0, '2018-10-21 05:35:27', '2018-10-21 05:35:27', NULL, 27, 27, 28, 1),
(171, 12, 'Sint nihil itaque corporis aspernatur.', '1985-12-03', 2, 1, '2018-10-21 05:35:27', '2018-10-21 05:35:27', NULL, 25, 31, 32, 1),
(172, 22, 'Officia consectetur illum aspernatur et rerum vel corrupti.', '2017-06-16', 3, 0, '2018-10-21 05:35:27', '2018-10-21 05:35:27', NULL, 28, 34, 21, 1),
(173, 24, 'Voluptatem ut natus repudiandae ut.', '2017-11-25', 4, 0, '2018-10-21 05:35:27', '2018-10-21 05:35:27', NULL, 32, 25, 32, 1),
(174, 16, 'Nesciunt numquam numquam nesciunt aut.', '1977-11-08', 1, 0, '2018-10-21 05:35:27', '2018-10-21 05:35:27', NULL, 33, 33, 26, 1),
(175, 4, 'Nihil dolorem quisquam quaerat.', '2010-01-21', 3, 0, '2018-10-21 05:35:27', '2018-10-21 05:35:27', NULL, 33, 21, 23, 1),
(176, 24, 'Neque nobis velit omnis sint est velit.', '1995-02-17', 4, 0, '2018-10-21 05:35:27', '2018-10-21 05:35:27', NULL, 35, 25, 27, 1),
(177, 14, 'Corporis et omnis ab odit non quam nulla.', '1975-02-16', 4, 1, '2018-10-21 05:35:27', '2018-10-21 05:35:27', NULL, 34, 30, 26, 1),
(178, 5, 'Enim rerum quo est aut.', '2013-10-19', 1, 0, '2018-10-21 05:35:27', '2018-10-21 05:35:27', NULL, 22, 32, 33, 1),
(179, 15, 'Odit iusto ullam deleniti perspiciatis natus eos inventore.', '1989-12-27', 1, 0, '2018-10-21 05:35:27', '2018-10-21 05:35:27', NULL, 23, 35, 35, 1),
(180, 16, 'Quo odit praesentium doloribus.', '2001-11-13', 1, 0, '2018-10-21 05:35:27', '2018-10-21 05:35:27', NULL, 27, 29, 32, 1),
(181, 18, 'Mollitia ratione quisquam maiores voluptas delectus consequatur.', '1999-11-09', 3, 0, '2018-10-21 05:35:27', '2018-10-21 05:35:27', NULL, 28, 26, 26, 1),
(182, 5, 'Molestiae illum neque assumenda repellat totam.', '1992-10-06', 4, 1, '2018-10-21 05:35:27', '2018-10-21 05:35:27', NULL, 24, 27, 35, 1),
(183, 1, 'Modi vero voluptatem ut sed eius omnis facilis.', '2000-10-06', 2, 1, '2018-10-21 05:35:27', '2018-10-21 05:35:27', NULL, 25, 29, 21, 1),
(184, 3, 'Et quos et dolorem nobis sunt architecto rerum.', '2006-07-19', 2, 1, '2018-10-21 05:35:27', '2018-10-21 05:35:27', NULL, 32, 24, 29, 1),
(185, 25, 'Dolorum eligendi voluptatem ratione officiis.', '2017-12-24', 1, 0, '2018-10-21 05:35:27', '2018-10-21 05:35:27', NULL, 27, 27, 22, 1),
(186, 24, 'Minus dolorem beatae quam sapiente quam veniam quidem.', '2017-01-30', 2, 0, '2018-10-21 05:35:27', '2018-10-21 05:35:27', NULL, 35, 24, 27, 1),
(187, 8, 'Dolorem laboriosam nulla tempora velit recusandae libero odio.', '2001-10-07', 2, 0, '2018-10-21 05:35:27', '2018-10-21 05:35:27', NULL, 29, 28, 32, 1),
(188, 14, 'Provident similique vero sint.', '2014-06-26', 2, 0, '2018-10-21 05:35:27', '2018-10-21 05:35:27', NULL, 27, 32, 31, 1),
(189, 14, 'Distinctio dicta rerum minima ab.', '1983-09-30', 4, 1, '2018-10-21 05:35:27', '2018-10-21 05:35:27', NULL, 33, 34, 21, 1),
(190, 21, 'Eaque sunt expedita esse consequatur a.', '1999-10-12', 2, 0, '2018-10-21 05:35:27', '2018-10-21 05:35:27', NULL, 25, 29, 23, 1),
(191, 1, 'Nulla voluptatem nulla asperiores corporis inventore voluptatum consequatur aut.', '2008-12-04', 4, 0, '2018-10-21 05:35:27', '2018-10-21 05:35:27', NULL, 28, 28, 26, 1),
(192, 18, 'Illo voluptas qui rerum perferendis tenetur esse tenetur eum.', '2010-01-30', 4, 1, '2018-10-21 05:35:27', '2018-10-21 05:35:27', NULL, 25, 33, 24, 1),
(193, 13, 'Repudiandae nisi necessitatibus odio inventore est odit.', '2003-10-19', 1, 0, '2018-10-21 05:35:27', '2018-10-21 05:35:27', NULL, 24, 34, 22, 1),
(194, 10, 'At nisi voluptas minus natus.', '1993-03-07', 3, 0, '2018-10-21 05:35:27', '2018-10-21 05:35:27', NULL, 28, 21, 23, 1),
(195, 16, 'Voluptatem debitis quo est est.', '2004-10-09', 1, 0, '2018-10-21 05:35:27', '2018-10-21 05:35:27', NULL, 35, 30, 34, 1),
(196, 8, 'Officia aut et earum quod enim nemo necessitatibus at.', '2005-07-13', 3, 1, '2018-10-21 05:35:27', '2018-10-21 05:35:27', NULL, 24, 32, 22, 1),
(197, 20, 'Voluptatum impedit repellendus sed omnis quae voluptates rem.', '2003-03-06', 1, 1, '2018-10-21 05:35:27', '2018-10-21 05:35:27', NULL, 25, 28, 32, 1),
(198, 23, 'Ipsum sed qui aut vero in.', '1991-08-01', 3, 1, '2018-10-21 05:35:27', '2018-10-21 05:35:27', NULL, 34, 30, 23, 1),
(199, 10, 'Quis libero et et voluptas sunt adipisci.', '1972-07-11', 3, 1, '2018-10-21 05:35:27', '2018-10-21 05:35:27', NULL, 28, 29, 32, 1),
(200, 11, 'Aut animi rerum illo non non.', '2005-09-13', 3, 0, '2018-10-21 05:35:27', '2018-10-21 05:35:27', NULL, 32, 34, 21, 1),
(201, 1, 'Iusto aut voluptatem atque non.', '1970-01-02', 2, 0, '2018-10-21 05:35:27', '2018-10-21 05:35:27', NULL, 23, 35, 27, 1),
(202, 15, 'Reprehenderit qui rem consequatur dicta dolorem.', '2008-11-29', 2, 0, '2018-10-21 05:35:27', '2018-10-21 05:35:27', NULL, 34, 28, 28, 1),
(203, 13, 'Illum ipsum pariatur voluptatem at quo deleniti.', '1974-11-10', 1, 1, '2018-10-21 05:35:27', '2018-10-21 05:35:27', NULL, 31, 31, 30, 1),
(204, 20, 'Sunt voluptatem et aut et nam.', '1987-04-14', 4, 0, '2018-10-21 05:35:27', '2018-10-21 05:35:27', NULL, 33, 27, 29, 1),
(205, 17, 'Cupiditate consequatur dolorem fuga non.', '1976-12-02', 4, 0, '2018-10-21 05:35:27', '2018-10-21 05:35:27', NULL, 22, 31, 28, 1),
(206, 2, 'Odit autem placeat cum et accusantium occaecati commodi.', '1998-11-07', 3, 0, '2018-10-21 05:35:27', '2018-10-21 05:35:27', NULL, 28, 22, 25, 1),
(207, 11, 'Dolores sit veritatis ad tempore incidunt aut ea.', '1995-12-30', 1, 1, '2018-10-21 05:35:27', '2018-10-21 05:35:27', NULL, 24, 24, 23, 1),
(208, 2, 'Voluptatem incidunt nesciunt nam delectus.', '2012-08-02', 3, 1, '2018-10-21 05:35:27', '2018-10-21 05:35:27', NULL, 32, 29, 28, 1),
(209, 25, 'Placeat similique odit sit velit soluta laudantium ipsa enim.', '1992-04-22', 4, 0, '2018-10-21 05:35:27', '2018-10-21 05:35:27', NULL, 23, 33, 34, 1),
(210, 24, 'Et et a neque et.', '2006-05-23', 3, 0, '2018-10-21 05:35:27', '2018-10-21 05:35:27', NULL, 27, 26, 21, 1),
(211, 6, 'Dolorum est totam deserunt et.', '1971-08-03', 3, 1, '2018-10-21 05:35:27', '2018-10-21 05:35:27', NULL, 31, 25, 32, 1),
(212, 22, 'Quo et laborum non.', '2000-02-06', 3, 1, '2018-10-21 05:35:27', '2018-10-21 05:35:27', NULL, 30, 32, 23, 1),
(213, 13, 'Non molestiae commodi non nihil.', '2003-12-02', 1, 1, '2018-10-21 05:35:27', '2018-10-21 05:35:27', NULL, 29, 26, 21, 1),
(214, 9, 'Sit non aut magnam accusantium modi.', '2003-06-19', 1, 0, '2018-10-21 05:35:27', '2018-10-21 05:35:27', NULL, 30, 26, 30, 1),
(215, 25, 'Culpa consectetur provident nobis modi natus debitis error.', '2008-11-25', 2, 1, '2018-10-21 05:35:27', '2018-10-21 05:35:27', NULL, 23, 30, 33, 1),
(216, 9, 'Id voluptatem iure est non recusandae nisi voluptates.', '1983-11-03', 4, 0, '2018-10-21 05:35:27', '2018-10-21 05:35:27', NULL, 31, 24, 32, 1),
(217, 8, 'Velit magni omnis enim quis facilis nam.', '1999-04-19', 2, 0, '2018-10-21 05:35:27', '2018-10-21 05:35:27', NULL, 30, 23, 28, 1),
(218, 11, 'Consequatur delectus facilis voluptatibus et quia aliquid.', '1975-03-26', 1, 0, '2018-10-21 05:35:27', '2018-10-21 05:35:27', NULL, 32, 22, 23, 1),
(219, 24, 'Iste molestias ab debitis in dolorum dolores praesentium ea.', '2008-04-07', 1, 1, '2018-10-21 05:35:27', '2018-10-21 05:35:27', NULL, 35, 29, 27, 1),
(220, 25, 'Libero harum et et.', '1992-07-12', 1, 1, '2018-10-21 05:35:27', '2018-10-21 05:35:27', NULL, 32, 26, 23, 1),
(221, 7, 'Voluptatum enim dicta eveniet est.', '1972-08-14', 2, 1, '2018-10-21 05:35:27', '2018-10-21 05:35:27', NULL, 29, 32, 23, 1),
(222, 22, 'Quia cum aut eum corrupti ducimus.', '2001-10-11', 3, 0, '2018-10-21 05:35:27', '2018-10-21 05:35:27', NULL, 27, 27, 23, 1),
(223, 7, 'Nemo soluta quae earum cumque autem quibusdam dolor soluta.', '2005-07-29', 2, 0, '2018-10-21 05:35:27', '2018-10-21 05:35:27', NULL, 30, 25, 32, 1),
(224, 11, 'Neque sit sequi et molestiae sint omnis laboriosam.', '1979-06-07', 2, 1, '2018-10-21 05:35:27', '2018-10-21 05:35:27', NULL, 23, 24, 29, 1),
(225, 14, 'Dolore velit suscipit eligendi vero sunt sint.', '1977-11-06', 2, 1, '2018-10-21 05:35:27', '2018-10-21 05:35:27', NULL, 30, 23, 34, 1),
(226, 23, 'Similique temporibus atque ut.', '1981-07-14', 3, 1, '2018-10-21 05:35:27', '2018-10-21 05:35:27', NULL, 22, 21, 24, 1),
(227, 24, 'Ratione amet fugit expedita voluptates aliquam nihil.', '2016-03-09', 1, 0, '2018-10-21 05:35:27', '2018-10-21 05:35:27', NULL, 21, 31, 35, 1),
(228, 21, 'Et est consequuntur autem veniam ex.', '1988-07-13', 2, 0, '2018-10-21 05:35:27', '2018-10-21 05:35:27', NULL, 23, 26, 21, 1),
(229, 3, 'Sed dolor officiis dolor iure dolorem.', '1973-10-06', 2, 0, '2018-10-21 05:35:27', '2018-10-21 05:35:27', NULL, 28, 29, 26, 1),
(230, 7, 'Assumenda assumenda consequatur excepturi id quos sint eos.', '2007-04-28', 3, 1, '2018-10-21 05:35:27', '2018-10-21 05:35:27', NULL, 29, 22, 31, 1),
(231, 7, 'Nobis error ut autem.', '1997-01-26', 4, 0, '2018-10-21 05:35:27', '2018-10-21 05:35:27', NULL, 28, 25, 29, 1),
(232, 8, 'Sit impedit tempora nostrum.', '2012-05-21', 3, 0, '2018-10-21 05:35:27', '2018-10-21 05:35:27', NULL, 30, 32, 34, 1),
(233, 23, 'Illo sint aut omnis fugiat accusamus qui eligendi.', '1989-08-25', 3, 0, '2018-10-21 05:35:27', '2018-10-21 05:35:27', NULL, 30, 29, 31, 1),
(234, 23, 'Temporibus officia deleniti officia velit minima.', '2009-07-06', 3, 0, '2018-10-21 05:35:27', '2018-10-21 05:35:27', NULL, 32, 28, 30, 1),
(235, 25, 'Excepturi et quas voluptatem assumenda cumque sit.', '1970-02-23', 2, 1, '2018-10-21 05:35:27', '2018-10-21 05:35:27', NULL, 33, 24, 31, 1),
(236, 15, 'Et hic dolorem incidunt qui enim expedita consectetur et.', '1977-02-24', 3, 1, '2018-10-21 05:35:27', '2018-10-21 05:35:27', NULL, 24, 33, 30, 1),
(237, 25, 'Ratione eius a et magnam quia.', '1990-03-30', 3, 0, '2018-10-21 05:35:27', '2018-10-21 05:35:27', NULL, 21, 24, 27, 1),
(238, 13, 'Error dignissimos recusandae incidunt voluptatum et.', '1986-10-07', 1, 1, '2018-10-21 05:35:27', '2018-10-21 05:35:27', NULL, 33, 24, 35, 1),
(239, 20, 'Eum vero aut culpa omnis.', '1991-07-09', 3, 1, '2018-10-21 05:35:27', '2018-10-21 05:35:27', NULL, 31, 33, 32, 1),
(240, 25, 'Adipisci provident non ipsam.', '1974-05-13', 1, 0, '2018-10-21 05:35:27', '2018-10-21 05:35:27', NULL, 33, 24, 34, 1),
(241, 17, 'Similique explicabo omnis blanditiis tempore porro.', '2000-11-18', 3, 0, '2018-10-21 05:35:27', '2018-10-21 05:35:27', NULL, 21, 31, 23, 1),
(242, 6, 'Quod tempore asperiores aut distinctio iusto enim ut.', '1994-10-17', 3, 0, '2018-10-21 05:35:27', '2018-10-21 05:35:27', NULL, 26, 26, 28, 1),
(243, 4, 'Corporis hic recusandae voluptatibus vel corporis voluptatem libero et.', '1974-12-22', 3, 1, '2018-10-21 05:35:27', '2018-10-21 05:35:27', NULL, 30, 28, 30, 1),
(244, 19, 'Aut voluptas dolorum ipsum qui cum doloremque.', '1978-01-12', 4, 1, '2018-10-21 05:35:27', '2018-10-21 05:35:27', NULL, 28, 34, 35, 1),
(245, 21, 'Ea nostrum impedit enim saepe.', '1980-05-20', 1, 1, '2018-10-21 05:35:27', '2018-10-21 05:35:27', NULL, 24, 25, 29, 1),
(246, 11, 'Adipisci amet molestias ab non nemo.', '2001-04-25', 2, 1, '2018-10-21 05:35:27', '2018-10-21 05:35:27', NULL, 34, 31, 23, 1),
(247, 20, 'Qui enim perferendis qui veniam at exercitationem.', '2001-12-12', 3, 0, '2018-10-21 05:35:27', '2018-10-21 05:35:27', NULL, 28, 21, 31, 1),
(248, 14, 'Provident provident non enim earum et est ea consectetur.', '1970-05-27', 3, 1, '2018-10-21 05:35:27', '2018-10-21 05:35:27', NULL, 24, 21, 22, 1),
(249, 17, 'Est ut quidem nam libero voluptas qui rem.', '1994-04-25', 4, 1, '2018-10-21 05:35:27', '2018-10-21 05:35:27', NULL, 35, 34, 31, 1),
(250, 2, 'Saepe consequatur consequuntur hic consequuntur eveniet consequuntur.', '2011-09-15', 4, 1, '2018-10-21 05:35:27', '2018-10-21 05:35:27', NULL, 28, 24, 25, 1),
(251, 19, 'Iure sequi fuga enim odio.', '1980-03-17', 3, 0, '2018-10-21 05:35:27', '2018-10-21 05:35:27', NULL, 34, 27, 29, 1),
(252, 11, 'Aut nihil sequi et cupiditate non.', '1992-07-03', 4, 0, '2018-10-21 05:35:27', '2018-10-21 05:35:27', NULL, 30, 24, 24, 1),
(253, 10, 'Enim qui cumque repudiandae ad sit voluptatum dolorum.', '1974-04-17', 1, 0, '2018-10-21 05:35:27', '2018-10-21 05:35:27', NULL, 27, 34, 31, 1),
(254, 16, 'Placeat blanditiis aut omnis molestias libero.', '1985-01-08', 2, 0, '2018-10-21 05:35:27', '2018-10-21 05:35:27', NULL, 32, 21, 27, 1),
(255, 15, 'Sequi incidunt impedit in debitis cupiditate.', '1991-06-13', 1, 1, '2018-10-21 05:35:27', '2018-10-21 05:35:27', NULL, 26, 27, 27, 1),
(256, 2, 'Consequatur assumenda harum optio nobis.', '2016-09-01', 2, 1, '2018-10-21 05:35:27', '2018-10-21 05:35:27', NULL, 24, 32, 29, 1),
(257, 2, 'Aliquam dolor minus ipsam est qui sint harum.', '1975-09-24', 4, 1, '2018-10-21 05:35:27', '2018-10-21 05:35:27', NULL, 26, 21, 32, 1),
(258, 22, 'Autem animi reiciendis velit est repudiandae qui.', '2013-11-05', 3, 0, '2018-10-21 05:35:27', '2018-10-21 05:35:27', NULL, 35, 23, 23, 1),
(259, 14, 'Omnis numquam quibusdam doloribus aperiam autem.', '2016-04-28', 2, 0, '2018-10-21 05:35:27', '2018-10-21 05:35:27', NULL, 21, 25, 35, 1),
(260, 22, 'Accusantium tenetur et at sed nesciunt quia.', '1985-06-12', 3, 0, '2018-10-21 05:35:27', '2018-10-21 05:35:27', NULL, 32, 21, 28, 1),
(261, 19, 'Nobis ducimus enim officia consectetur debitis culpa amet.', '1997-01-21', 1, 1, '2018-10-21 05:35:27', '2018-10-21 05:35:27', NULL, 33, 23, 34, 1),
(262, 1, 'Neque dolores porro necessitatibus quia fuga quia sapiente.', '2001-04-01', 2, 1, '2018-10-21 05:35:27', '2018-10-21 05:35:27', NULL, 24, 29, 26, 1),
(263, 23, 'Quam est non quidem.', '1977-03-27', 1, 1, '2018-10-21 05:35:27', '2018-10-21 05:35:27', NULL, 23, 35, 32, 1),
(264, 22, 'Et laboriosam sed officiis nisi.', '2011-06-29', 3, 1, '2018-10-21 05:35:27', '2018-10-21 05:35:27', NULL, 23, 30, 31, 1),
(265, 20, 'Assumenda sit cupiditate vel facere.', '1992-12-30', 1, 0, '2018-10-21 05:35:27', '2018-10-21 05:35:27', NULL, 28, 29, 21, 1),
(266, 19, 'Ab ratione qui quia laudantium consequatur non quia.', '1993-11-19', 1, 1, '2018-10-21 05:35:27', '2018-10-21 05:35:27', NULL, 30, 34, 21, 1),
(267, 12, 'Maiores ipsam maxime facere sit quam aut placeat.', '2009-01-03', 2, 1, '2018-10-21 05:35:27', '2018-10-21 05:35:27', NULL, 32, 28, 34, 1),
(268, 13, 'Ut voluptatum dolorem beatae debitis possimus repellat aperiam.', '1973-05-21', 2, 1, '2018-10-21 05:35:27', '2018-10-21 05:35:27', NULL, 33, 21, 21, 1),
(269, 15, 'Pariatur nemo tempora deserunt dolorem enim.', '2016-08-29', 3, 0, '2018-10-21 05:35:27', '2018-10-21 05:35:27', NULL, 31, 21, 29, 1),
(270, 15, 'Reprehenderit reiciendis nostrum rerum accusantium.', '2009-03-11', 3, 1, '2018-10-21 05:35:27', '2018-10-21 05:35:27', NULL, 22, 25, 23, 1),
(271, 8, 'Ipsum voluptatibus et omnis magni voluptas consequatur ut perferendis.', '2017-11-17', 2, 1, '2018-10-21 05:35:27', '2018-10-21 05:35:27', NULL, 25, 35, 23, 1),
(272, 16, 'Eos voluptate quaerat ea accusantium numquam quo quis.', '1981-01-16', 4, 1, '2018-10-21 05:35:27', '2018-10-21 05:35:27', NULL, 28, 30, 28, 1),
(273, 13, 'Quis autem magni quibusdam quisquam ad.', '2009-01-08', 4, 0, '2018-10-21 05:35:27', '2018-10-21 05:35:27', NULL, 26, 24, 34, 1),
(274, 5, 'Corporis esse vel sunt.', '2013-12-03', 4, 0, '2018-10-21 05:35:27', '2018-10-21 05:35:27', NULL, 33, 21, 34, 1),
(275, 6, 'Neque eum dolorem tempora possimus animi qui.', '2000-10-08', 4, 0, '2018-10-21 05:35:27', '2018-10-21 05:35:27', NULL, 34, 35, 28, 1),
(276, 16, 'Unde rerum ipsum non.', '2009-06-08', 1, 1, '2018-10-21 05:35:27', '2018-10-21 05:35:27', NULL, 22, 24, 28, 1),
(277, 3, 'A facere quo quod quibusdam.', '2004-08-05', 2, 0, '2018-10-21 05:35:27', '2018-10-21 05:35:27', NULL, 26, 29, 34, 1),
(278, 12, 'Eos tenetur ut error et incidunt.', '1993-06-20', 1, 0, '2018-10-21 05:35:27', '2018-10-21 05:35:27', NULL, 35, 23, 24, 1),
(279, 8, 'Eos velit et provident et sequi.', '1993-08-05', 4, 1, '2018-10-21 05:35:27', '2018-10-21 05:35:27', NULL, 27, 33, 23, 1),
(280, 11, 'Nihil rerum laborum voluptatem dolores reiciendis dolorum.', '2005-08-08', 2, 0, '2018-10-21 05:35:27', '2018-10-21 05:35:27', NULL, 32, 34, 33, 1),
(281, 24, 'Voluptatum quia qui voluptates neque labore mollitia laudantium.', '2015-08-25', 2, 0, '2018-10-21 05:35:27', '2018-10-21 05:35:27', NULL, 28, 28, 23, 1),
(282, 20, 'Voluptas dolor qui in velit repellendus.', '2016-08-03', 2, 1, '2018-10-21 05:35:27', '2018-10-21 05:35:27', NULL, 23, 23, 34, 1),
(283, 25, 'Mollitia consequatur natus ipsam commodi mollitia harum deleniti et.', '2016-01-22', 3, 0, '2018-10-21 05:35:27', '2018-10-21 05:35:27', NULL, 31, 26, 25, 1),
(284, 10, 'Iusto rerum et libero ut.', '1993-07-26', 2, 0, '2018-10-21 05:35:27', '2018-10-21 05:35:27', NULL, 30, 35, 31, 1),
(285, 21, 'Nulla maxime rem fugit porro ea animi.', '2017-11-15', 4, 0, '2018-10-21 05:35:27', '2018-10-21 05:35:27', NULL, 25, 27, 31, 1),
(286, 21, 'Magnam harum sit in neque.', '1975-03-28', 2, 0, '2018-10-21 05:35:27', '2018-10-21 05:35:27', NULL, 31, 35, 21, 1),
(287, 25, 'Consequatur consectetur qui officia natus.', '1981-03-14', 1, 1, '2018-10-21 05:35:27', '2018-10-21 05:35:27', NULL, 28, 24, 25, 1),
(288, 14, 'Quia est voluptates quasi dolore.', '2015-04-15', 3, 0, '2018-10-21 05:35:27', '2018-10-21 05:35:27', NULL, 35, 25, 27, 1),
(289, 24, 'Qui aut non deserunt eos error et.', '2008-08-21', 4, 0, '2018-10-21 05:35:27', '2018-10-21 05:35:27', NULL, 27, 30, 25, 1),
(290, 22, 'Consequuntur voluptatum quod necessitatibus suscipit animi.', '2002-08-06', 1, 1, '2018-10-21 05:35:27', '2018-10-21 05:35:27', NULL, 30, 26, 23, 1),
(291, 16, 'Et praesentium est vitae totam possimus animi deserunt in.', '2007-07-09', 4, 0, '2018-10-21 05:35:27', '2018-10-21 05:35:27', NULL, 23, 26, 34, 1),
(292, 24, 'Laboriosam sed suscipit cum repellat quae.', '2000-11-20', 1, 0, '2018-10-21 05:35:27', '2018-10-21 05:35:27', NULL, 35, 27, 21, 1),
(293, 11, 'Qui debitis dolore est.', '1995-03-25', 3, 0, '2018-10-21 05:35:27', '2018-10-21 05:35:27', NULL, 25, 27, 30, 1),
(294, 5, 'Incidunt voluptatum sed temporibus quo.', '1988-12-28', 1, 1, '2018-10-21 05:35:27', '2018-10-21 05:35:27', NULL, 32, 33, 28, 1),
(295, 20, 'Reprehenderit dolorum deleniti nobis reprehenderit reprehenderit eum.', '2009-03-06', 3, 1, '2018-10-21 05:35:27', '2018-10-21 05:35:27', NULL, 32, 24, 28, 1),
(296, 17, 'In praesentium nostrum deleniti rem expedita id.', '1997-04-18', 2, 0, '2018-10-21 05:35:27', '2018-10-21 05:35:27', NULL, 24, 22, 22, 1),
(297, 20, 'Id corrupti saepe omnis qui fuga consequatur.', '2016-04-13', 1, 1, '2018-10-21 05:35:27', '2018-10-21 05:35:27', NULL, 21, 21, 33, 1),
(298, 5, 'Possimus nobis enim aliquam odit rerum.', '2011-06-28', 2, 0, '2018-10-21 05:35:27', '2018-10-21 05:35:27', NULL, 28, 27, 34, 1),
(299, 25, 'Sit cumque culpa velit eum voluptatem.', '2008-07-29', 4, 1, '2018-10-21 05:35:27', '2018-10-21 05:35:27', NULL, 21, 26, 27, 1),
(300, 21, 'Sed doloremque at error nihil magnam.', '1984-08-31', 1, 0, '2018-10-21 05:35:27', '2018-10-21 05:35:27', NULL, 27, 21, 27, 1),
(301, 37, 'f fdfsdf', '3019-09-01', 2, 0, '2018-10-25 19:30:59', '2018-10-25 19:30:59', NULL, 23, NULL, NULL, 1);

-- --------------------------------------------------------

--
-- Table structure for table `topics_taken`
--

CREATE TABLE `topics_taken` (
  `id` int(10) UNSIGNED NOT NULL,
  `lecture_id` int(10) UNSIGNED NOT NULL,
  `topic_id` int(10) UNSIGNED NOT NULL,
  `students_present` int(11) NOT NULL,
  `created_at` timestamp NULL DEFAULT NULL,
  `updated_at` timestamp NULL DEFAULT NULL,
  `deleted_at` timestamp NULL DEFAULT NULL,
  `created_by` int(10) UNSIGNED NOT NULL,
  `updated_by` int(10) UNSIGNED DEFAULT NULL,
  `deleted_by` int(10) UNSIGNED DEFAULT NULL,
  `status` tinyint(4) NOT NULL DEFAULT '1'
) ENGINE=InnoDB DEFAULT CHARSET=utf8mb4 COLLATE=utf8mb4_unicode_ci;

--
-- Dumping data for table `topics_taken`
--

INSERT INTO `topics_taken` (`id`, `lecture_id`, `topic_id`, `students_present`, `created_at`, `updated_at`, `deleted_at`, `created_by`, `updated_by`, `deleted_by`, `status`) VALUES
(1, 126, 242, 30, '2018-10-21 05:35:36', '2018-10-21 05:35:36', NULL, 27, 22, 31, 1),
(2, 211, 247, 12, '2018-10-21 05:35:36', '2018-10-21 05:35:36', NULL, 29, 30, 33, 1),
(3, 192, 176, 55, '2018-10-21 05:35:36', '2018-10-21 05:35:36', NULL, 24, 26, 28, 1),
(4, 216, 294, 51, '2018-10-21 05:35:36', '2018-10-21 05:35:36', NULL, 27, 32, 22, 1),
(5, 307, 257, 64, '2018-10-21 05:35:36', '2018-10-21 05:35:36', NULL, 31, 23, 28, 1),
(6, 354, 200, 20, '2018-10-21 05:35:36', '2018-10-21 05:35:36', NULL, 30, 32, 21, 1),
(7, 161, 117, 77, '2018-10-21 05:35:36', '2018-10-21 05:35:36', NULL, 30, 29, 23, 1),
(8, 390, 42, 24, '2018-10-21 05:35:36', '2018-10-21 05:35:36', NULL, 31, 33, 30, 1),
(9, 175, 235, 47, '2018-10-21 05:35:36', '2018-10-21 05:35:36', NULL, 21, 28, 33, 1),
(10, 24, 156, 79, '2018-10-21 05:35:36', '2018-10-21 05:35:36', NULL, 33, 24, 31, 1),
(11, 384, 235, 72, '2018-10-21 05:35:36', '2018-10-21 05:35:36', NULL, 33, 33, 24, 1),
(12, 197, 202, 72, '2018-10-21 05:35:36', '2018-10-21 05:35:36', NULL, 31, 30, 25, 1),
(13, 326, 41, 20, '2018-10-21 05:35:36', '2018-10-21 05:35:36', NULL, 32, 28, 21, 1),
(14, 56, 50, 39, '2018-10-21 05:35:36', '2018-10-21 05:35:36', NULL, 29, 34, 24, 1),
(15, 209, 94, 76, '2018-10-21 05:35:36', '2018-10-21 05:35:36', NULL, 33, 24, 31, 1),
(16, 257, 135, 26, '2018-10-21 05:35:36', '2018-10-21 05:35:36', NULL, 33, 32, 26, 1),
(17, 118, 92, 34, '2018-10-21 05:35:36', '2018-10-21 05:35:36', NULL, 21, 23, 30, 1),
(18, 24, 138, 21, '2018-10-21 05:35:36', '2018-10-21 05:35:36', NULL, 24, 22, 30, 1),
(19, 159, 255, 14, '2018-10-21 05:35:36', '2018-10-21 05:35:36', NULL, 27, 34, 23, 1),
(20, 195, 205, 56, '2018-10-21 05:35:36', '2018-10-21 05:35:36', NULL, 27, 30, 24, 1),
(21, 11, 294, 64, '2018-10-21 05:35:36', '2018-10-21 05:35:36', NULL, 27, 25, 34, 1),
(22, 231, 6, 59, '2018-10-21 05:35:36', '2018-10-21 05:35:36', NULL, 27, 32, 27, 1),
(23, 317, 282, 59, '2018-10-21 05:35:36', '2018-10-21 05:35:36', NULL, 26, 35, 23, 1),
(24, 289, 217, 79, '2018-10-21 05:35:36', '2018-10-21 05:35:36', NULL, 33, 32, 22, 1),
(25, 344, 78, 47, '2018-10-21 05:35:36', '2018-10-21 05:35:36', NULL, 24, 33, 22, 1),
(26, 271, 218, 14, '2018-10-21 05:35:36', '2018-10-21 05:35:36', NULL, 26, 23, 27, 1),
(27, 167, 13, 68, '2018-10-21 05:35:36', '2018-10-21 05:35:36', NULL, 28, 35, 26, 1),
(28, 397, 17, 55, '2018-10-21 05:35:36', '2018-10-21 05:35:36', NULL, 34, 35, 23, 1),
(29, 264, 129, 10, '2018-10-21 05:35:36', '2018-10-21 05:35:36', NULL, 24, 32, 25, 1),
(30, 161, 42, 47, '2018-10-21 05:35:36', '2018-10-21 05:35:36', NULL, 28, 26, 25, 1),
(31, 373, 25, 79, '2018-10-21 05:35:36', '2018-10-21 05:35:36', NULL, 34, 23, 21, 1),
(32, 195, 10, 42, '2018-10-21 05:35:36', '2018-10-21 05:35:36', NULL, 34, 28, 28, 1),
(33, 72, 182, 45, '2018-10-21 05:35:36', '2018-10-21 05:35:36', NULL, 28, 34, 26, 1),
(34, 61, 177, 28, '2018-10-21 05:35:36', '2018-10-21 05:35:36', NULL, 29, 29, 31, 1),
(35, 320, 229, 28, '2018-10-21 05:35:36', '2018-10-21 05:35:36', NULL, 25, 29, 28, 1),
(36, 176, 251, 55, '2018-10-21 05:35:36', '2018-10-21 05:35:36', NULL, 23, 29, 31, 1),
(37, 107, 212, 1, '2018-10-21 05:35:36', '2018-10-21 05:35:36', NULL, 32, 25, 33, 1),
(38, 143, 265, 74, '2018-10-21 05:35:36', '2018-10-21 05:35:36', NULL, 24, 35, 34, 1),
(39, 250, 152, 3, '2018-10-21 05:35:36', '2018-10-21 05:35:36', NULL, 32, 22, 27, 1),
(40, 274, 192, 10, '2018-10-21 05:35:36', '2018-10-21 05:35:36', NULL, 22, 33, 35, 1),
(41, 337, 1, 35, '2018-10-21 05:35:36', '2018-10-21 05:35:36', NULL, 25, 31, 28, 1),
(42, 152, 151, 26, '2018-10-21 05:35:36', '2018-10-21 05:35:36', NULL, 32, 24, 25, 1),
(43, 350, 186, 71, '2018-10-21 05:35:36', '2018-10-21 05:35:36', NULL, 24, 28, 32, 1),
(44, 299, 99, 69, '2018-10-21 05:35:36', '2018-10-21 05:35:36', NULL, 21, 35, 24, 1),
(45, 390, 193, 4, '2018-10-21 05:35:36', '2018-10-21 05:35:36', NULL, 26, 21, 22, 1),
(46, 171, 268, 31, '2018-10-21 05:35:36', '2018-10-21 05:35:36', NULL, 23, 23, 34, 1),
(47, 285, 179, 22, '2018-10-21 05:35:36', '2018-10-21 05:35:36', NULL, 21, 35, 24, 1),
(48, 2, 263, 79, '2018-10-21 05:35:36', '2018-10-21 05:35:36', NULL, 27, 26, 30, 1),
(49, 121, 131, 10, '2018-10-21 05:35:36', '2018-10-21 05:35:36', NULL, 21, 30, 31, 1),
(50, 112, 197, 67, '2018-10-21 05:35:36', '2018-10-21 05:35:36', NULL, 34, 31, 23, 1),
(51, 25, 290, 72, '2018-10-21 05:35:36', '2018-10-21 05:35:36', NULL, 24, 22, 26, 1),
(52, 79, 43, 13, '2018-10-21 05:35:36', '2018-10-21 05:35:36', NULL, 23, 31, 31, 1),
(53, 309, 207, 80, '2018-10-21 05:35:36', '2018-10-21 05:35:36', NULL, 24, 28, 35, 1),
(54, 368, 185, 30, '2018-10-21 05:35:36', '2018-10-21 05:35:36', NULL, 26, 35, 24, 1),
(55, 204, 290, 22, '2018-10-21 05:35:36', '2018-10-21 05:35:36', NULL, 32, 34, 31, 1),
(56, 194, 17, 55, '2018-10-21 05:35:36', '2018-10-21 05:35:36', NULL, 28, 29, 31, 1),
(57, 5, 297, 9, '2018-10-21 05:35:36', '2018-10-21 05:35:36', NULL, 21, 25, 21, 1),
(58, 132, 227, 38, '2018-10-21 05:35:36', '2018-10-21 05:35:36', NULL, 29, 28, 25, 1),
(59, 203, 100, 66, '2018-10-21 05:35:36', '2018-10-21 05:35:36', NULL, 22, 34, 27, 1),
(60, 126, 179, 17, '2018-10-21 05:35:36', '2018-10-21 05:35:36', NULL, 35, 23, 25, 1),
(61, 119, 261, 30, '2018-10-21 05:35:36', '2018-10-21 05:35:36', NULL, 22, 29, 34, 1),
(62, 76, 21, 46, '2018-10-21 05:35:36', '2018-10-21 05:35:36', NULL, 21, 22, 22, 1),
(63, 13, 120, 20, '2018-10-21 05:35:36', '2018-10-21 05:35:36', NULL, 21, 33, 24, 1),
(64, 11, 75, 11, '2018-10-21 05:35:36', '2018-10-21 05:35:36', NULL, 27, 26, 28, 1),
(65, 257, 296, 2, '2018-10-21 05:35:36', '2018-10-21 05:35:36', NULL, 24, 29, 31, 1),
(66, 123, 238, 12, '2018-10-21 05:35:36', '2018-10-21 05:35:36', NULL, 31, 31, 32, 1),
(67, 272, 116, 17, '2018-10-21 05:35:36', '2018-10-21 05:35:36', NULL, 24, 35, 31, 1),
(68, 221, 230, 65, '2018-10-21 05:35:36', '2018-10-21 05:35:36', NULL, 29, 29, 23, 1),
(69, 248, 68, 19, '2018-10-21 05:35:36', '2018-10-21 05:35:36', NULL, 31, 22, 33, 1),
(70, 297, 142, 47, '2018-10-21 05:35:36', '2018-10-21 05:35:36', NULL, 22, 35, 35, 1),
(71, 322, 59, 20, '2018-10-21 05:35:36', '2018-10-21 05:35:36', NULL, 35, 25, 32, 1),
(72, 285, 193, 11, '2018-10-21 05:35:36', '2018-10-21 05:35:36', NULL, 31, 23, 22, 1),
(73, 252, 17, 5, '2018-10-21 05:35:36', '2018-10-21 05:35:36', NULL, 29, 34, 27, 1),
(74, 139, 23, 29, '2018-10-21 05:35:36', '2018-10-21 05:35:36', NULL, 32, 32, 25, 1),
(75, 206, 265, 31, '2018-10-21 05:35:36', '2018-10-21 05:35:36', NULL, 33, 24, 21, 1),
(76, 149, 72, 80, '2018-10-21 05:35:36', '2018-10-21 05:35:36', NULL, 34, 32, 24, 1),
(77, 95, 256, 45, '2018-10-21 05:35:36', '2018-10-21 05:35:36', NULL, 26, 21, 30, 1),
(78, 246, 37, 1, '2018-10-21 05:35:36', '2018-10-21 05:35:36', NULL, 29, 27, 29, 1),
(79, 46, 13, 23, '2018-10-21 05:35:36', '2018-10-21 05:35:36', NULL, 34, 26, 24, 1),
(80, 356, 25, 12, '2018-10-21 05:35:36', '2018-10-21 05:35:36', NULL, 30, 21, 23, 1),
(81, 195, 83, 70, '2018-10-21 05:35:36', '2018-10-21 05:35:36', NULL, 32, 28, 29, 1),
(82, 388, 42, 50, '2018-10-21 05:35:36', '2018-10-21 05:35:36', NULL, 27, 22, 25, 1),
(83, 355, 165, 61, '2018-10-21 05:35:36', '2018-10-21 05:35:36', NULL, 31, 33, 21, 1),
(84, 324, 201, 60, '2018-10-21 05:35:36', '2018-10-21 05:35:36', NULL, 25, 29, 33, 1),
(85, 178, 224, 29, '2018-10-21 05:35:36', '2018-10-21 05:35:36', NULL, 29, 32, 23, 1),
(86, 171, 148, 54, '2018-10-21 05:35:36', '2018-10-21 05:35:36', NULL, 32, 23, 24, 1),
(87, 232, 124, 5, '2018-10-21 05:35:36', '2018-10-21 05:35:36', NULL, 23, 26, 28, 1),
(88, 134, 217, 79, '2018-10-21 05:35:36', '2018-10-21 05:35:36', NULL, 27, 23, 22, 1),
(89, 170, 8, 62, '2018-10-21 05:35:36', '2018-10-21 05:35:36', NULL, 28, 26, 22, 1),
(90, 162, 124, 3, '2018-10-21 05:35:36', '2018-10-21 05:35:36', NULL, 22, 28, 29, 1),
(91, 163, 166, 30, '2018-10-21 05:35:36', '2018-10-21 05:35:36', NULL, 31, 23, 25, 1),
(92, 370, 234, 13, '2018-10-21 05:35:36', '2018-10-21 05:35:36', NULL, 24, 27, 24, 1),
(93, 333, 73, 48, '2018-10-21 05:35:36', '2018-10-21 05:35:36', NULL, 24, 34, 23, 1),
(94, 325, 229, 21, '2018-10-21 05:35:36', '2018-10-21 05:35:36', NULL, 27, 23, 27, 1),
(95, 57, 74, 8, '2018-10-21 05:35:36', '2018-10-21 05:35:36', NULL, 21, 30, 33, 1),
(96, 394, 219, 1, '2018-10-21 05:35:36', '2018-10-21 05:35:36', NULL, 22, 22, 22, 1),
(97, 387, 166, 71, '2018-10-21 05:35:36', '2018-10-21 05:35:36', NULL, 28, 33, 24, 1),
(98, 40, 91, 17, '2018-10-21 05:35:36', '2018-10-21 05:35:36', NULL, 30, 33, 21, 1),
(99, 104, 210, 48, '2018-10-21 05:35:36', '2018-10-21 05:35:36', NULL, 21, 27, 31, 1),
(100, 309, 140, 1, '2018-10-21 05:35:36', '2018-10-21 05:35:36', NULL, 30, 23, 28, 1),
(101, 68, 287, 22, '2018-10-21 05:35:36', '2018-10-21 05:35:36', NULL, 22, 23, 29, 1),
(102, 193, 240, 16, '2018-10-21 05:35:36', '2018-10-21 05:35:36', NULL, 22, 24, 24, 1),
(103, 276, 246, 56, '2018-10-21 05:35:36', '2018-10-21 05:35:36', NULL, 24, 35, 27, 1),
(104, 83, 258, 41, '2018-10-21 05:35:36', '2018-10-21 05:35:36', NULL, 27, 25, 28, 1),
(105, 279, 295, 4, '2018-10-21 05:35:36', '2018-10-21 05:35:36', NULL, 26, 25, 34, 1),
(106, 217, 24, 57, '2018-10-21 05:35:36', '2018-10-21 05:35:36', NULL, 28, 29, 29, 1),
(107, 154, 186, 70, '2018-10-21 05:35:36', '2018-10-21 05:35:36', NULL, 21, 33, 25, 1),
(108, 345, 192, 19, '2018-10-21 05:35:36', '2018-10-21 05:35:36', NULL, 30, 35, 26, 1),
(109, 352, 53, 52, '2018-10-21 05:35:36', '2018-10-21 05:35:36', NULL, 25, 30, 35, 1),
(110, 26, 150, 1, '2018-10-21 05:35:36', '2018-10-21 05:35:36', NULL, 23, 23, 33, 1),
(111, 316, 57, 60, '2018-10-21 05:35:36', '2018-10-21 05:35:36', NULL, 27, 25, 28, 1),
(112, 165, 87, 56, '2018-10-21 05:35:36', '2018-10-21 05:35:36', NULL, 31, 29, 29, 1),
(113, 159, 143, 20, '2018-10-21 05:35:36', '2018-10-21 05:35:36', NULL, 29, 23, 24, 1),
(114, 255, 89, 42, '2018-10-21 05:35:36', '2018-10-21 05:35:36', NULL, 24, 24, 31, 1),
(115, 391, 71, 0, '2018-10-21 05:35:36', '2018-10-21 05:35:36', NULL, 35, 31, 33, 1),
(116, 361, 25, 43, '2018-10-21 05:35:36', '2018-10-21 05:35:36', NULL, 33, 33, 30, 1),
(117, 287, 168, 10, '2018-10-21 05:35:36', '2018-10-21 05:35:36', NULL, 23, 23, 34, 1),
(118, 343, 20, 37, '2018-10-21 05:35:36', '2018-10-21 05:35:36', NULL, 26, 32, 23, 1),
(119, 205, 5, 47, '2018-10-21 05:35:36', '2018-10-21 05:35:36', NULL, 31, 33, 30, 1),
(120, 308, 210, 3, '2018-10-21 05:35:37', '2018-10-21 05:35:37', NULL, 21, 31, 31, 1),
(121, 315, 297, 74, '2018-10-21 05:35:37', '2018-10-21 05:35:37', NULL, 33, 25, 23, 1),
(122, 348, 244, 4, '2018-10-21 05:35:37', '2018-10-21 05:35:37', NULL, 23, 22, 33, 1),
(123, 104, 116, 2, '2018-10-21 05:35:37', '2018-10-21 05:35:37', NULL, 25, 22, 34, 1),
(124, 104, 136, 10, '2018-10-21 05:35:37', '2018-10-21 05:35:37', NULL, 29, 23, 27, 1),
(125, 177, 231, 30, '2018-10-21 05:35:37', '2018-10-21 05:35:37', NULL, 24, 35, 28, 1),
(126, 261, 194, 28, '2018-10-21 05:35:37', '2018-10-21 05:35:37', NULL, 24, 31, 35, 1),
(127, 393, 190, 40, '2018-10-21 05:35:37', '2018-10-21 05:35:37', NULL, 31, 22, 27, 1),
(128, 219, 61, 46, '2018-10-21 05:35:37', '2018-10-21 05:35:37', NULL, 32, 30, 22, 1),
(129, 25, 49, 26, '2018-10-21 05:35:37', '2018-10-21 05:35:37', NULL, 34, 28, 22, 1),
(130, 190, 108, 5, '2018-10-21 05:35:37', '2018-10-21 05:35:37', NULL, 32, 34, 22, 1),
(131, 261, 71, 19, '2018-10-21 05:35:37', '2018-10-21 05:35:37', NULL, 21, 30, 34, 1),
(132, 1, 298, 9, '2018-10-21 05:35:37', '2018-10-21 05:35:37', NULL, 24, 29, 22, 1),
(133, 16, 4, 52, '2018-10-21 05:35:37', '2018-10-21 05:35:37', NULL, 35, 34, 35, 1),
(134, 332, 194, 48, '2018-10-21 05:35:37', '2018-10-21 05:35:37', NULL, 26, 31, 21, 1),
(135, 358, 236, 23, '2018-10-21 05:35:37', '2018-10-21 05:35:37', NULL, 33, 23, 25, 1),
(136, 343, 87, 16, '2018-10-21 05:35:37', '2018-10-21 05:35:37', NULL, 26, 26, 29, 1),
(137, 144, 296, 37, '2018-10-21 05:35:37', '2018-10-21 05:35:37', NULL, 28, 35, 27, 1),
(138, 26, 175, 3, '2018-10-21 05:35:37', '2018-10-21 05:35:37', NULL, 27, 26, 30, 1),
(139, 178, 205, 33, '2018-10-21 05:35:37', '2018-10-21 05:35:37', NULL, 23, 21, 26, 1),
(140, 355, 256, 67, '2018-10-21 05:35:37', '2018-10-21 05:35:37', NULL, 25, 21, 26, 1),
(141, 214, 121, 60, '2018-10-21 05:35:37', '2018-10-21 05:35:37', NULL, 32, 31, 22, 1),
(142, 100, 103, 21, '2018-10-21 05:35:37', '2018-10-21 05:35:37', NULL, 24, 30, 32, 1),
(143, 186, 23, 56, '2018-10-21 05:35:37', '2018-10-21 05:35:37', NULL, 28, 26, 28, 1),
(144, 123, 203, 49, '2018-10-21 05:35:37', '2018-10-21 05:35:37', NULL, 34, 26, 31, 1),
(145, 216, 101, 37, '2018-10-21 05:35:37', '2018-10-21 05:35:37', NULL, 28, 26, 32, 1),
(146, 61, 50, 10, '2018-10-21 05:35:37', '2018-10-21 05:35:37', NULL, 24, 26, 31, 1),
(147, 77, 107, 25, '2018-10-21 05:35:37', '2018-10-21 05:35:37', NULL, 21, 26, 33, 1),
(148, 323, 214, 59, '2018-10-21 05:35:37', '2018-10-21 05:35:37', NULL, 28, 23, 24, 1),
(149, 20, 181, 56, '2018-10-21 05:35:37', '2018-10-21 05:35:37', NULL, 25, 33, 25, 1),
(150, 391, 236, 67, '2018-10-21 05:35:37', '2018-10-21 05:35:37', NULL, 21, 33, 25, 1),
(151, 350, 155, 23, '2018-10-21 05:35:37', '2018-10-21 05:35:37', NULL, 34, 25, 34, 1),
(152, 289, 260, 11, '2018-10-21 05:35:37', '2018-10-21 05:35:37', NULL, 22, 32, 27, 1),
(153, 124, 204, 77, '2018-10-21 05:35:37', '2018-10-21 05:35:37', NULL, 21, 26, 32, 1),
(154, 18, 249, 21, '2018-10-21 05:35:37', '2018-10-21 05:35:37', NULL, 35, 33, 31, 1),
(155, 151, 285, 14, '2018-10-21 05:35:37', '2018-10-21 05:35:37', NULL, 30, 26, 33, 1),
(156, 333, 271, 6, '2018-10-21 05:35:37', '2018-10-21 05:35:37', NULL, 30, 26, 26, 1),
(157, 152, 120, 19, '2018-10-21 05:35:37', '2018-10-21 05:35:37', NULL, 33, 29, 28, 1),
(158, 278, 159, 0, '2018-10-21 05:35:37', '2018-10-21 05:35:37', NULL, 28, 29, 23, 1),
(159, 17, 80, 19, '2018-10-21 05:35:37', '2018-10-21 05:35:37', NULL, 34, 24, 22, 1),
(160, 317, 168, 59, '2018-10-21 05:35:37', '2018-10-21 05:35:37', NULL, 21, 35, 32, 1),
(161, 322, 176, 59, '2018-10-21 05:35:37', '2018-10-21 05:35:37', NULL, 31, 30, 35, 1),
(162, 71, 16, 53, '2018-10-21 05:35:37', '2018-10-21 05:35:37', NULL, 22, 23, 29, 1),
(163, 387, 89, 50, '2018-10-21 05:35:37', '2018-10-21 05:35:37', NULL, 30, 22, 27, 1),
(164, 170, 30, 16, '2018-10-21 05:35:37', '2018-10-21 05:35:37', NULL, 31, 27, 33, 1),
(165, 348, 121, 42, '2018-10-21 05:35:37', '2018-10-21 05:35:37', NULL, 24, 26, 26, 1),
(166, 155, 257, 41, '2018-10-21 05:35:37', '2018-10-21 05:35:37', NULL, 30, 35, 26, 1),
(167, 293, 1, 33, '2018-10-21 05:35:37', '2018-10-21 05:35:37', NULL, 25, 21, 21, 1),
(168, 9, 52, 44, '2018-10-21 05:35:37', '2018-10-21 05:35:37', NULL, 35, 26, 26, 1),
(169, 17, 26, 33, '2018-10-21 05:35:37', '2018-10-21 05:35:37', NULL, 35, 30, 30, 1),
(170, 275, 248, 39, '2018-10-21 05:35:37', '2018-10-21 05:35:37', NULL, 32, 34, 35, 1),
(171, 206, 67, 46, '2018-10-21 05:35:37', '2018-10-21 05:35:37', NULL, 30, 30, 28, 1),
(172, 348, 30, 49, '2018-10-21 05:35:37', '2018-10-21 05:35:37', NULL, 29, 34, 31, 1),
(173, 373, 145, 55, '2018-10-21 05:35:37', '2018-10-21 05:35:37', NULL, 34, 32, 21, 1),
(174, 232, 237, 76, '2018-10-21 05:35:37', '2018-10-21 05:35:37', NULL, 22, 31, 29, 1),
(175, 348, 183, 47, '2018-10-21 05:35:37', '2018-10-21 05:35:37', NULL, 22, 35, 23, 1),
(176, 391, 80, 58, '2018-10-21 05:35:37', '2018-10-21 05:35:37', NULL, 29, 24, 31, 1),
(177, 349, 109, 66, '2018-10-21 05:35:37', '2018-10-21 05:35:37', NULL, 21, 22, 29, 1),
(178, 341, 2, 73, '2018-10-21 05:35:37', '2018-10-21 05:35:37', NULL, 32, 22, 32, 1),
(179, 296, 268, 18, '2018-10-21 05:35:37', '2018-10-21 05:35:37', NULL, 23, 31, 35, 1),
(180, 327, 27, 21, '2018-10-21 05:35:37', '2018-10-21 05:35:37', NULL, 32, 35, 26, 1),
(181, 223, 172, 20, '2018-10-21 05:35:37', '2018-10-21 05:35:37', NULL, 32, 26, 27, 1),
(182, 103, 119, 23, '2018-10-21 05:35:37', '2018-10-21 05:35:37', NULL, 34, 23, 28, 1),
(183, 67, 124, 37, '2018-10-21 05:35:37', '2018-10-21 05:35:37', NULL, 23, 25, 26, 1),
(184, 235, 79, 5, '2018-10-21 05:35:37', '2018-10-21 05:35:37', NULL, 21, 32, 26, 1),
(185, 274, 25, 22, '2018-10-21 05:35:37', '2018-10-21 05:35:37', NULL, 33, 25, 33, 1),
(186, 335, 154, 14, '2018-10-21 05:35:37', '2018-10-21 05:35:37', NULL, 27, 22, 33, 1),
(187, 69, 194, 12, '2018-10-21 05:35:37', '2018-10-21 05:35:37', NULL, 25, 34, 35, 1),
(188, 113, 123, 32, '2018-10-21 05:35:37', '2018-10-21 05:35:37', NULL, 25, 29, 26, 1),
(189, 184, 227, 73, '2018-10-21 05:35:37', '2018-10-21 05:35:37', NULL, 21, 24, 27, 1),
(190, 255, 62, 76, '2018-10-21 05:35:37', '2018-10-21 05:35:37', NULL, 31, 23, 21, 1),
(191, 140, 162, 4, '2018-10-21 05:35:37', '2018-10-21 05:35:37', NULL, 22, 31, 34, 1),
(192, 253, 147, 5, '2018-10-21 05:35:37', '2018-10-21 05:35:37', NULL, 30, 21, 30, 1),
(193, 280, 278, 71, '2018-10-21 05:35:37', '2018-10-21 05:35:37', NULL, 22, 30, 22, 1),
(194, 244, 286, 11, '2018-10-21 05:35:37', '2018-10-21 05:35:37', NULL, 31, 33, 31, 1),
(195, 261, 60, 63, '2018-10-21 05:35:37', '2018-10-21 05:35:37', NULL, 32, 29, 29, 1),
(196, 294, 139, 34, '2018-10-21 05:35:37', '2018-10-21 05:35:37', NULL, 24, 30, 28, 1),
(197, 201, 66, 58, '2018-10-21 05:35:37', '2018-10-21 05:35:37', NULL, 35, 24, 29, 1),
(198, 377, 299, 58, '2018-10-21 05:35:37', '2018-10-21 05:35:37', NULL, 28, 27, 23, 1),
(199, 173, 297, 42, '2018-10-21 05:35:37', '2018-10-21 05:35:37', NULL, 33, 32, 25, 1),
(200, 383, 118, 34, '2018-10-21 05:35:37', '2018-10-21 05:35:37', NULL, 26, 25, 35, 1),
(201, 401, 79, 1000, '2018-10-21 06:06:13', '2018-10-21 06:06:13', NULL, 22, NULL, NULL, 1),
(202, 401, 68, 1000, '2018-10-21 06:06:13', '2018-10-21 06:06:13', NULL, 22, NULL, NULL, 1),
(203, 402, 1, 100, '2018-10-25 04:17:20', '2018-10-25 04:17:20', NULL, 22, NULL, NULL, 1),
(204, 403, 2, 100, '2018-10-25 04:18:33', '2018-10-25 04:18:33', NULL, 22, NULL, NULL, 1),
(205, 404, 138, 100, '2018-10-25 17:36:16', '2018-10-25 17:36:16', NULL, 22, NULL, NULL, 1),
(206, 405, 112, 234, '2018-10-27 06:46:33', '2018-10-27 06:46:33', NULL, 22, NULL, NULL, 1),
(207, 405, 66, 234, '2018-10-27 06:46:33', '2018-10-27 06:46:33', NULL, 22, NULL, NULL, 1);

-- --------------------------------------------------------

--
-- Table structure for table `users`
--

CREATE TABLE `users` (
  `id` int(10) UNSIGNED NOT NULL,
  `name` varchar(191) COLLATE utf8mb4_unicode_ci NOT NULL,
  `username` varchar(191) COLLATE utf8mb4_unicode_ci NOT NULL,
  `email` varchar(191) COLLATE utf8mb4_unicode_ci NOT NULL,
  `email_verified_at` timestamp NULL DEFAULT NULL,
  `password` varchar(191) COLLATE utf8mb4_unicode_ci NOT NULL,
  `department` varchar(191) COLLATE utf8mb4_unicode_ci NOT NULL,
  `type` tinyint(4) NOT NULL,
  `remember_token` varchar(100) COLLATE utf8mb4_unicode_ci DEFAULT NULL,
  `created_at` timestamp NULL DEFAULT NULL,
  `updated_at` timestamp NULL DEFAULT NULL,
  `deleted_at` timestamp NULL DEFAULT NULL,
  `created_by` int(10) UNSIGNED DEFAULT NULL,
  `updated_by` int(10) UNSIGNED DEFAULT NULL,
  `deleted_by` int(10) UNSIGNED DEFAULT NULL,
  `status` tinyint(4) NOT NULL DEFAULT '1'
) ENGINE=InnoDB DEFAULT CHARSET=utf8mb4 COLLATE=utf8mb4_unicode_ci;

--
-- Dumping data for table `users`
--

INSERT INTO `users` (`id`, `name`, `username`, `email`, `email_verified_at`, `password`, `department`, `type`, `remember_token`, `created_at`, `updated_at`, `deleted_at`, `created_by`, `updated_by`, `deleted_by`, `status`) VALUES
(21, 'c1', 'c1', 'a@a.com', NULL, '$2y$10$Afm0XQgEKHzvYYYcam7szurcGACXvwQsEn3zf.LdhbsWn1lQRoV.O', 'COMPS', 1, '1HUyJlTFoDkLZGV1mxvLsvJqgXOFLR2WvuZtlmQFUb6PC13Pk3GWKHLzO1a2', '2018-10-16 07:20:00', '2018-10-16 07:20:00', NULL, NULL, NULL, NULL, 1),
(22, 'c2', 'c2', 'b@b.com', NULL, '$2y$10$08x3Mh33cDxGwPCwJBm87.7a/3S2KGhLaOvGjN8R7vIQr3heiCEDi', 'COMPS', 2, 's2bzlFCZYNtUkdPON0TTm5E8JiC8oFYhF8feayifCG46hh8Fwyh7q9KwtcQs', '2018-10-16 07:20:20', '2018-10-16 07:20:20', NULL, NULL, NULL, NULL, 1),
(23, 'c3', 'c3', 'c@c.com', NULL, '$2y$10$qKBbpKOHQJDw87tIJpXJHO344AjbYGhk3e4cSwhhgEdRtPVvMHyVa', 'COMPS', 3, 'na7Js4to7j9W6vsg1AuCyKIpsn4y553IC4n7tujkp81BxF63ftyBPIE4jJet', '2018-10-16 07:20:39', '2018-10-16 07:20:39', NULL, NULL, NULL, NULL, 1),
(24, 'i1', 'i1', 'd@d.com', NULL, '$2y$10$NdPYiTXVsXXOkMZ2/f19Oe3.7dsikNpk2J8WWSHcVwVheBsztkpam', 'IT', 1, 'IFNodVbih9RzpNS3oQeA9GKgN1LXCMPaaKgiWeWndTVAsE5bEoiQpdSPpEgm', '2018-10-16 07:20:59', '2018-10-16 07:20:59', NULL, NULL, NULL, NULL, 1),
(25, 'i2', 'i2', 'e@e.com', NULL, '$2y$10$413iGBdSowjjWAujfz36Z..Opkx1MOhGaJTE1Mn8uchHK.XPw6.X2', 'IT', 2, 'zkctV99YVy3yX4sZJ3UBTAOF5cTiXIkOdfGLMoZGJMM5JozLMDqUH1RCOAZL', '2018-10-16 07:21:16', '2018-10-16 07:21:16', NULL, NULL, NULL, NULL, 1),
(26, 'i3', 'i3', 'f@f.com', NULL, '$2y$10$EdQgxI0TAEVYsz0cKGcUueMznw1J5rRAmQRAq28SbnibvSb/GYm5S', 'IT', 3, '1JMDqjextS8mKGHiG1ol2gBLkQ5nEyPC85XPkJJj1Nm69gc7nmWvpvyJdeA1', '2018-10-16 07:21:31', '2018-10-16 07:21:31', NULL, NULL, NULL, NULL, 1),
(27, 'ea1', 'ea1', 'g@g.com', NULL, '$2y$10$YoNuNExMpepBBoceWuQcBOOr91iSPKK4OKQMQY0r5lTtTlcXgF5Ue', 'EXTC-A', 1, 'O12S3hyjpcn68hUXbWUg9vBgwrTK21CV9DOFo5dar7FDBf0MgA23Ec2SxvSi', '2018-10-16 07:21:55', '2018-10-16 07:21:55', NULL, NULL, NULL, NULL, 1),
(28, 'ea2', 'ea2', 'h@h.com', NULL, '$2y$10$mYp/oKpbIwX4AVrUaiqLj.k0B75D/DDq5T3nuMYWWzcGDo6sTQRVe', 'EXTC-A', 2, 'biJfHt6UB9D6PDWoWB7W6DklHQ3T8hKOkKCwOSYiQf0EcJq2lAZf2cRFALT2', '2018-10-16 07:22:12', '2018-10-16 07:22:12', NULL, NULL, NULL, NULL, 1),
(29, 'ea3', 'ea3', 'i@i.com', NULL, '$2y$10$eQVVHriqepwN/nDFDw2EQuwMxBacGj7KWJsJpxUhIpYleR148u86O', 'EXTC-A', 3, 'fvfLkDeZgD2yvIHngPlSBigneBRqteu86TLdRzYUDrBID9hLrhO4db7pqdBc', '2018-10-16 07:22:28', '2018-10-16 07:22:28', NULL, NULL, NULL, NULL, 1),
(30, 'eb1', 'eb1', 'j@j.com', NULL, '$2y$10$gbAJ.BCbT79nshc2tOIloOqGyPf/NCOyH8uRfJxhb2qvhZYR.1OVu', 'EXTC-B', 1, 'mxOGpv8FY0sXCsXR8MjqioX9hjCX3DRpccZIKKEfghqXmHfuklkEktII5efD', '2018-10-16 07:23:10', '2018-10-16 07:23:10', NULL, NULL, NULL, NULL, 1),
(31, 'eb2', 'eb2', 'l@l.com', NULL, '$2y$10$g1cCuKFVw4KswF3QMgqHLued3Z6JzQ8BOkohY58juI9kIECkt1EUm', 'EXTC-B', 2, 'XiSrSqusvAuyM7ohw4T13Sn88nyPquCSYqJz7WEGOcTlHukicmFFGvqvebHB', '2018-10-16 07:23:30', '2018-10-16 07:23:30', NULL, NULL, NULL, NULL, 1),
(32, 'eb3', 'eb3', 'm@m.com', NULL, '$2y$10$Z5ZpyV75rdKCkNjuiP0oVexWyADIjcegKIOfujlJm5p7eYXASHG7i', 'EXTC-B', 3, 'PWM9hYvRC4gPAfx0NZZuWmifkXtEsAb7qFbWxrudC9MK1iniQIQlUceWZjAe', '2018-10-16 07:23:55', '2018-10-16 07:23:55', NULL, NULL, NULL, NULL, 1),
(33, 'e1', 'e1', 'n@n.com', NULL, '$2y$10$duD7RM.fWG0vkiopbPxmBedY8L8bxTVafqGNFpHI7akDxQqSfqic.', 'ETRX', 1, 'HmjO0ogyClfFWMsKDmUEe2jKAyDPajdVAKaiIUePaFZUmeObZkBxQmqWWyQC', '2018-10-16 07:24:12', '2018-10-16 07:24:12', NULL, NULL, NULL, NULL, 1),
(34, 'e2', 'e2', 'o@o.com', NULL, '$2y$10$r6bDGUYY7fA3eOAbsUezCuJr2woZbShuEpUSawolnpJhXg4HynH0y', 'ETRX', 2, 'eXZuxUYqDAGwP8bQXP5rdUCmp4hYARXktF5IJZAnFUwti61LCheKXYYk8I2w', '2018-10-16 07:24:27', '2018-10-16 07:24:27', NULL, NULL, NULL, NULL, 1),
(35, 'e3', 'e3', 'p@p.com', NULL, '$2y$10$b3CO2tORarE7.9Bx.VVAteJfG7wzNECxwAhC5rAhNfTgY3ZcbOVQ.', 'ETRX', 3, 'yMov7ajEK9QLGv4k6DSrCt9VZ36lYwKshj810Fkksgzm7fpipcseGSZTFZOp', '2018-10-16 07:24:48', '2018-10-16 07:24:48', NULL, NULL, NULL, NULL, 1);

--
-- Indexes for dumped tables
--

--
-- Indexes for table `classes`
--
ALTER TABLE `classes`
  ADD PRIMARY KEY (`id`);

--
-- Indexes for table `leaves`
--
ALTER TABLE `leaves`
  ADD PRIMARY KEY (`id`),
  ADD KEY `leaves_user_id_foreign` (`user_id`),
  ADD KEY `leaves_adjusted_with_foreign` (`adjusted_with`);

--
-- Indexes for table `lectures`
--
ALTER TABLE `lectures`
  ADD PRIMARY KEY (`id`),
  ADD KEY `lectures_user_id_foreign` (`user_id`),
  ADD KEY `lectures_subject_id_foreign` (`subject_id`);

--
-- Indexes for table `migrations`
--
ALTER TABLE `migrations`
  ADD PRIMARY KEY (`id`);

--
-- Indexes for table `months`
--
ALTER TABLE `months`
  ADD PRIMARY KEY (`id`);

--
-- Indexes for table `month_subject`
--
ALTER TABLE `month_subject`
  ADD PRIMARY KEY (`id`),
  ADD KEY `month_subject_subject_id_foreign` (`subject_id`),
  ADD KEY `month_subject_month_id_foreign` (`month_id`);

--
-- Indexes for table `password_resets`
--
ALTER TABLE `password_resets`
  ADD KEY `password_resets_email_index` (`email`);

--
-- Indexes for table `subjects`
--
ALTER TABLE `subjects`
  ADD PRIMARY KEY (`id`),
  ADD KEY `subjects_user_id_foreign` (`user_id`),
  ADD KEY `subjects_classes_id_foreign` (`classes_id`);

--
-- Indexes for table `topics`
--
ALTER TABLE `topics`
  ADD PRIMARY KEY (`id`),
  ADD KEY `topics_subject_id_foreign` (`subject_id`);

--
-- Indexes for table `topics_taken`
--
ALTER TABLE `topics_taken`
  ADD PRIMARY KEY (`id`),
  ADD KEY `topics_taken_lecture_id_foreign` (`lecture_id`),
  ADD KEY `topics_taken_topic_id_foreign` (`topic_id`);

--
-- Indexes for table `users`
--
ALTER TABLE `users`
  ADD PRIMARY KEY (`id`),
  ADD UNIQUE KEY `users_username_unique` (`username`),
  ADD UNIQUE KEY `users_email_unique` (`email`);

--
-- AUTO_INCREMENT for dumped tables
--

--
-- AUTO_INCREMENT for table `classes`
--
ALTER TABLE `classes`
  MODIFY `id` int(10) UNSIGNED NOT NULL AUTO_INCREMENT, AUTO_INCREMENT=18;

--
-- AUTO_INCREMENT for table `leaves`
--
ALTER TABLE `leaves`
  MODIFY `id` int(10) UNSIGNED NOT NULL AUTO_INCREMENT, AUTO_INCREMENT=61;

--
-- AUTO_INCREMENT for table `lectures`
--
ALTER TABLE `lectures`
  MODIFY `id` int(10) UNSIGNED NOT NULL AUTO_INCREMENT, AUTO_INCREMENT=406;

--
-- AUTO_INCREMENT for table `migrations`
--
ALTER TABLE `migrations`
  MODIFY `id` int(10) UNSIGNED NOT NULL AUTO_INCREMENT, AUTO_INCREMENT=370;

--
-- AUTO_INCREMENT for table `months`
--
ALTER TABLE `months`
  MODIFY `id` int(10) UNSIGNED NOT NULL AUTO_INCREMENT, AUTO_INCREMENT=13;

--
-- AUTO_INCREMENT for table `month_subject`
--
ALTER TABLE `month_subject`
  MODIFY `id` int(10) UNSIGNED NOT NULL AUTO_INCREMENT, AUTO_INCREMENT=670;

--
-- AUTO_INCREMENT for table `subjects`
--
ALTER TABLE `subjects`
  MODIFY `id` int(10) UNSIGNED NOT NULL AUTO_INCREMENT, AUTO_INCREMENT=46;

--
-- AUTO_INCREMENT for table `topics`
--
ALTER TABLE `topics`
  MODIFY `id` int(10) UNSIGNED NOT NULL AUTO_INCREMENT, AUTO_INCREMENT=302;

--
-- AUTO_INCREMENT for table `topics_taken`
--
ALTER TABLE `topics_taken`
  MODIFY `id` int(10) UNSIGNED NOT NULL AUTO_INCREMENT, AUTO_INCREMENT=208;

--
-- AUTO_INCREMENT for table `users`
--
ALTER TABLE `users`
  MODIFY `id` int(10) UNSIGNED NOT NULL AUTO_INCREMENT, AUTO_INCREMENT=36;

--
-- Constraints for dumped tables
--

--
-- Constraints for table `leaves`
--
ALTER TABLE `leaves`
  ADD CONSTRAINT `leaves_adjusted_with_foreign` FOREIGN KEY (`adjusted_with`) REFERENCES `users` (`id`),
  ADD CONSTRAINT `leaves_user_id_foreign` FOREIGN KEY (`user_id`) REFERENCES `users` (`id`);

--
-- Constraints for table `lectures`
--
ALTER TABLE `lectures`
  ADD CONSTRAINT `lectures_subject_id_foreign` FOREIGN KEY (`subject_id`) REFERENCES `subjects` (`id`),
  ADD CONSTRAINT `lectures_user_id_foreign` FOREIGN KEY (`user_id`) REFERENCES `users` (`id`);

--
-- Constraints for table `month_subject`
--
ALTER TABLE `month_subject`
  ADD CONSTRAINT `month_subject_month_id_foreign` FOREIGN KEY (`month_id`) REFERENCES `months` (`id`),
  ADD CONSTRAINT `month_subject_subject_id_foreign` FOREIGN KEY (`subject_id`) REFERENCES `subjects` (`id`);

--
-- Constraints for table `subjects`
--
ALTER TABLE `subjects`
  ADD CONSTRAINT `subjects_classes_id_foreign` FOREIGN KEY (`classes_id`) REFERENCES `classes` (`id`),
  ADD CONSTRAINT `subjects_user_id_foreign` FOREIGN KEY (`user_id`) REFERENCES `users` (`id`);

--
-- Constraints for table `topics`
--
ALTER TABLE `topics`
  ADD CONSTRAINT `topics_subject_id_foreign` FOREIGN KEY (`subject_id`) REFERENCES `subjects` (`id`);

--
-- Constraints for table `topics_taken`
--
ALTER TABLE `topics_taken`
  ADD CONSTRAINT `topics_taken_lecture_id_foreign` FOREIGN KEY (`lecture_id`) REFERENCES `lectures` (`id`),
  ADD CONSTRAINT `topics_taken_topic_id_foreign` FOREIGN KEY (`topic_id`) REFERENCES `topics` (`id`);
COMMIT;

/*!40101 SET CHARACTER_SET_CLIENT=@OLD_CHARACTER_SET_CLIENT */;
/*!40101 SET CHARACTER_SET_RESULTS=@OLD_CHARACTER_SET_RESULTS */;
/*!40101 SET COLLATION_CONNECTION=@OLD_COLLATION_CONNECTION */;
